user_id,poi_id,interaction_type,value,timestamp,current_lat,current_lon,distance_km
bc6799a8-00d1-4ab5-80bf-eeffc36ba029,poi_923_Surfers_Paradise,search,1,2025-10-16 07:52:43,1.384491,103.93204,2.37
bc6799a8-00d1-4ab5-80bf-eeffc36ba029,poi_923_Surfers_Paradise,visit,1,2025-10-16 17:52:43,1.384491,103.93204,2.37
bc6799a8-00d1-4ab5-80bf-eeffc36ba029,poi_923_Surfers_Paradise,rating,4,2025-10-16 19:02:43,1.384491,103.93204,2.37
84273d4e-1e2c-4baf-8f0d-7b4f2ef833d0,poi_4208_Barrys,search,1,2025-10-16 23:31:42,1.279515,103.846743,0.48
79dfa2c9-fcaf-4ac0-9cf6-acdc3165f1db,poi_3454_Super_Chicken,visit,1,2025-10-17 02:22:42,1.289508,103.831986,2.88
79dfa2c9-fcaf-4ac0-9cf6-acdc3165f1db,poi_3454_Super_Chicken,rating,3,2025-10-17 03:57:42,1.289508,103.831986,2.88
985b9ad3-79dc-4c6a-9159-27f4dda0e235,poi_354_7-Eleven,search,1,2025-10-17 13:22:45,1.43559,103.802011,7.74
985b9ad3-79dc-4c6a-9159-27f4dda0e235,poi_354_7-Eleven,visit,1,2025-10-17 17:22:45,1.43559,103.802011,7.74
985b9ad3-79dc-4c6a-9159-27f4dda0e235,poi_354_7-Eleven,rating,3,2025-10-17 18:31:45,1.43559,103.802011,7.74
bc6799a8-00d1-4ab5-80bf-eeffc36ba029,poi_1276_An_Aai_Affair,search,1,2025-10-17 21:28:43,1.306428,103.771002,4.42
ed4d4ddf-8829-49c2-b540-b0c8aa36dfcf,poi_795_Chantique_the_Bridal_Gallery,visit,1,2025-10-18 13:23:41,1.325981,103.78119,13.23
bc6799a8-00d1-4ab5-80bf-eeffc36ba029,poi_1214_Each-A-Cup,search,1,2025-10-18 13:46:43,1.325822,103.744575,7.46
84273d4e-1e2c-4baf-8f0d-7b4f2ef833d0,poi_4208_Barrys,visit,1,2025-10-18 19:31:42,1.279515,103.846743,0.48
84273d4e-1e2c-4baf-8f0d-7b4f2ef833d0,poi_4208_Barrys,rating,4,2025-10-18 19:49:42,1.279515,103.846743,0.48
dc678a8d-37ff-4a54-9a6a-da7252d1b855,poi_1200_Sam_Yat_Coffee,search,1,2025-10-18 20:27:45,1.240849,103.832486,4.88
bc6799a8-00d1-4ab5-80bf-eeffc36ba029,poi_1276_An_Aai_Affair,visit,1,2025-10-18 22:28:43,1.306428,103.771002,4.42
bc6799a8-00d1-4ab5-80bf-eeffc36ba029,poi_1214_Each-A-Cup,visit,1,2025-10-19 01:46:43,1.325822,103.744575,7.46
bc6799a8-00d1-4ab5-80bf-eeffc36ba029,poi_1214_Each-A-Cup,rating,3,2025-10-19 02:24:43,1.325822,103.744575,7.46
dc678a8d-37ff-4a54-9a6a-da7252d1b855,poi_1200_Sam_Yat_Coffee,visit,1,2025-10-19 12:27:45,1.240849,103.832486,4.88
985b9ad3-79dc-4c6a-9159-27f4dda0e235,poi_3848_The_French_American_Bakery,visit,1,2025-10-19 13:00:45,1.277524,103.860881,2.63
dc678a8d-37ff-4a54-9a6a-da7252d1b855,poi_1200_Sam_Yat_Coffee,rating,3,2025-10-19 13:14:45,1.240849,103.832486,4.88
985b9ad3-79dc-4c6a-9159-27f4dda0e235,poi_3848_The_French_American_Bakery,rating,3,2025-10-19 14:42:45,1.277524,103.860881,2.63
bc6799a8-00d1-4ab5-80bf-eeffc36ba029,poi_1255_The_Coffee_Bean_&_Tea_Leaf,visit,1,2025-10-19 23:43:43,1.335457,103.859903,2.11
bc6799a8-00d1-4ab5-80bf-eeffc36ba029,poi_1255_The_Coffee_Bean_&_Tea_Leaf,rating,4,2025-10-20 00:19:43,1.335457,103.859903,2.11
ed4d4ddf-8829-49c2-b540-b0c8aa36dfcf,poi_1459_Old_Tea_Hut,search,1,2025-10-20 19:57:41,1.328027,103.851964,4.85
ed4d4ddf-8829-49c2-b540-b0c8aa36dfcf,poi_1459_Old_Tea_Hut,visit,1,2025-10-20 21:57:41,1.328027,103.851964,4.85
ed4d4ddf-8829-49c2-b540-b0c8aa36dfcf,poi_1459_Old_Tea_Hut,rating,3,2025-10-20 23:51:41,1.328027,103.851964,4.85
bc6799a8-00d1-4ab5-80bf-eeffc36ba029,poi_932_Chong_AIK,visit,1,2025-10-21 00:49:43,1.302887,103.838009,2.03
bc6799a8-00d1-4ab5-80bf-eeffc36ba029,poi_932_Chong_AIK,rating,3,2025-10-21 02:14:43,1.302887,103.838009,2.03
0fa06458-d7df-42c6-9de2-c32c36c16707,poi_3027_Min_Jiang,search,1,2025-10-21 09:59:42,1.342107,103.844212,3.88
985b9ad3-79dc-4c6a-9159-27f4dda0e235,poi_480_FairPrice_Xpress,search,1,2025-10-22 13:00:45,1.425571,103.845547,6.83
6c32074e-c671-44f7-951a-422b74159885,poi_4783_HBL,visit,1,2025-10-22 17:54:44,1.339906,103.863077,6.31
6c32074e-c671-44f7-951a-422b74159885,poi_4783_HBL,rating,3,2025-10-22 19:54:44,1.339906,103.863077,6.31
da4ea5cf-d90f-4105-9a6e-f9f38252d01c,poi_806_The_Shop_with_No_Name,visit,1,2025-10-22 20:34:44,1.424477,103.899828,12.25
da4ea5cf-d90f-4105-9a6e-f9f38252d01c,poi_806_The_Shop_with_No_Name,rating,3,2025-10-22 20:47:44,1.424477,103.899828,12.25
0fa06458-d7df-42c6-9de2-c32c36c16707,poi_3027_Min_Jiang,visit,1,2025-10-22 20:59:42,1.342107,103.844212,3.88
d9093d18-b959-4ff3-b69a-a1748460cb5e,poi_3801_Rotikek,visit,1,2025-10-22 21:08:44,1.321905,103.933386,2.42
d9093d18-b959-4ff3-b69a-a1748460cb5e,poi_3801_Rotikek,rating,3,2025-10-22 21:17:44,1.321905,103.933386,2.42
0fa06458-d7df-42c6-9de2-c32c36c16707,poi_3027_Min_Jiang,rating,3,2025-10-22 21:29:42,1.342107,103.844212,3.88
dc678a8d-37ff-4a54-9a6a-da7252d1b855,poi_3828_PrimaDli,visit,1,2025-10-23 01:57:45,1.303932,103.813453,4.83
dc678a8d-37ff-4a54-9a6a-da7252d1b855,poi_3828_PrimaDli,rating,2,2025-10-23 03:08:45,1.303932,103.813453,4.83
bdfc5ba3-1843-4148-aef4-5f25b90608d4,poi_3737_Nine_Spices,visit,1,2025-10-23 12:41:44,1.433568,103.785019,7.11
ed4d4ddf-8829-49c2-b540-b0c8aa36dfcf,poi_294_Chaung_Thar_Myanmar_Minimart,visit,1,2025-10-23 13:28:41,1.338497,103.737056,0.59
bdfc5ba3-1843-4148-aef4-5f25b90608d4,poi_3737_Nine_Spices,rating,3,2025-10-23 13:36:44,1.433568,103.785019,7.11
ed4d4ddf-8829-49c2-b540-b0c8aa36dfcf,poi_294_Chaung_Thar_Myanmar_Minimart,rating,3,2025-10-23 13:37:41,1.338497,103.737056,0.59
bc6799a8-00d1-4ab5-80bf-eeffc36ba029,poi_1404_Gong_Cha,visit,1,2025-10-23 21:53:43,1.261757,103.831762,10.83
bc6799a8-00d1-4ab5-80bf-eeffc36ba029,poi_1404_Gong_Cha,rating,3,2025-10-23 22:13:43,1.261757,103.831762,10.83
985b9ad3-79dc-4c6a-9159-27f4dda0e235,poi_480_FairPrice_Xpress,visit,1,2025-10-24 02:00:45,1.425571,103.845547,6.83
985b9ad3-79dc-4c6a-9159-27f4dda0e235,poi_480_FairPrice_Xpress,rating,2,2025-10-24 02:07:45,1.425571,103.845547,6.83
af0e718d-4cca-4308-a72e-221b3f2fbe9e,poi_1258_The_Coffee_Bean_&_Tea_Leaf,search,1,2025-10-24 08:22:41,1.337165,103.763057,8.26
6fea97cb-757c-47f2-9e34-3ccbb6714c80,poi_1255_The_Coffee_Bean_&_Tea_Leaf,search,1,2025-10-25 05:17:40,1.352273,103.854693,0.74
e84b1e1f-de1f-4d49-85fc-28d7b0e8b86b,poi_1242_Otter_&_Pebbles,visit,1,2025-10-25 15:39:45,1.296095,103.842112,2.71
e84b1e1f-de1f-4d49-85fc-28d7b0e8b86b,poi_1242_Otter_&_Pebbles,rating,4,2025-10-25 16:37:45,1.296095,103.842112,2.71
0fa06458-d7df-42c6-9de2-c32c36c16707,poi_1228_The_Tiramisu_Hero,visit,1,2025-10-25 18:10:43,1.395013,103.885234,9.75
0fa06458-d7df-42c6-9de2-c32c36c16707,poi_1228_The_Tiramisu_Hero,rating,3,2025-10-25 18:55:43,1.395013,103.885234,9.75
af0e718d-4cca-4308-a72e-221b3f2fbe9e,poi_1258_The_Coffee_Bean_&_Tea_Leaf,visit,1,2025-10-25 22:22:41,1.337165,103.763057,8.26
91d45a60-1f23-45f2-a343-a51017f818d9,poi_431_Phoon_Huat,visit,1,2025-10-25 22:30:40,1.321975,103.762396,0.88
91d45a60-1f23-45f2-a343-a51017f818d9,poi_431_Phoon_Huat,rating,3,2025-10-25 22:53:40,1.321975,103.762396,0.88
af0e718d-4cca-4308-a72e-221b3f2fbe9e,poi_1258_The_Coffee_Bean_&_Tea_Leaf,rating,3,2025-10-25 22:54:41,1.337165,103.763057,8.26
79dfa2c9-fcaf-4ac0-9cf6-acdc3165f1db,poi_3747_Hue_Banh_Mi,search,1,2025-10-25 23:35:42,1.389949,103.759717,2.19
6fea97cb-757c-47f2-9e34-3ccbb6714c80,poi_1255_The_Coffee_Bean_&_Tea_Leaf,visit,1,2025-10-26 00:17:40,1.352273,103.854693,0.74
d9093d18-b959-4ff3-b69a-a1748460cb5e,poi_1589_The_Coffee_Bean_and_Tea_Leaf_-_Tampines_Mart,visit,1,2025-10-26 01:59:44,1.27915,104.041134,12.27
d9093d18-b959-4ff3-b69a-a1748460cb5e,poi_1589_The_Coffee_Bean_and_Tea_Leaf_-_Tampines_Mart,rating,5,2025-10-26 02:09:44,1.27915,104.041134,12.27
bc6799a8-00d1-4ab5-80bf-eeffc36ba029,poi_1322_The_Coffee_Bean_&_Tea_Leaf,search,1,2025-10-26 05:58:43,1.297587,103.861524,3.28
6fea97cb-757c-47f2-9e34-3ccbb6714c80,poi_1323_Dimbulah_Mountain_Estate_Coffee,visit,1,2025-10-26 12:15:40,1.290344,103.855299,0.61
6fea97cb-757c-47f2-9e34-3ccbb6714c80,poi_1323_Dimbulah_Mountain_Estate_Coffee,rating,4,2025-10-26 14:07:40,1.290344,103.855299,0.61
79dfa2c9-fcaf-4ac0-9cf6-acdc3165f1db,poi_3611_Teenoy,visit,1,2025-10-26 21:39:42,1.387235,103.898302,8.97
79dfa2c9-fcaf-4ac0-9cf6-acdc3165f1db,poi_3611_Teenoy,rating,3,2025-10-26 21:47:42,1.387235,103.898302,8.97
bc6799a8-00d1-4ab5-80bf-eeffc36ba029,poi_1322_The_Coffee_Bean_&_Tea_Leaf,visit,1,2025-10-26 23:58:43,1.297587,103.861524,3.28
84273d4e-1e2c-4baf-8f0d-7b4f2ef833d0,poi_4163_Fitness_factory,search,1,2025-10-27 01:46:42,1.341077,103.813184,7.07
985b9ad3-79dc-4c6a-9159-27f4dda0e235,poi_397_7-Eleven,search,1,2025-10-27 08:39:45,1.457243,103.716388,8.65
ed4d4ddf-8829-49c2-b540-b0c8aa36dfcf,poi_1422_Tiong_Bahru_Bakery,visit,1,2025-10-27 14:58:41,1.315313,103.805364,5.16
20fa62fd-59ef-4d4f-8cb4-9389b70ac389,poi_465_retail_shop,visit,1,2025-10-27 15:11:45,1.249315,103.832639,4.24
20fa62fd-59ef-4d4f-8cb4-9389b70ac389,poi_465_retail_shop,rating,3,2025-10-27 15:35:45,1.249315,103.832639,4.24
ed4d4ddf-8829-49c2-b540-b0c8aa36dfcf,poi_1422_Tiong_Bahru_Bakery,rating,2,2025-10-27 15:47:41,1.315313,103.805364,5.16
79dfa2c9-fcaf-4ac0-9cf6-acdc3165f1db,poi_3747_Hue_Banh_Mi,visit,1,2025-10-27 17:35:42,1.389949,103.759717,2.19
79dfa2c9-fcaf-4ac0-9cf6-acdc3165f1db,poi_3747_Hue_Banh_Mi,rating,2,2025-10-27 19:03:42,1.389949,103.759717,2.19
985b9ad3-79dc-4c6a-9159-27f4dda0e235,poi_397_7-Eleven,visit,1,2025-10-27 20:39:45,1.457243,103.716388,8.65
985b9ad3-79dc-4c6a-9159-27f4dda0e235,poi_397_7-Eleven,rating,3,2025-10-27 21:51:45,1.457243,103.716388,8.65
13e7ba11-c5a9-4f73-86d2-0f2c058891c7,poi_1826_Dallas_Restaurant_&_Bar,search,1,2025-10-28 00:07:41,1.349574,103.848464,7.06
d9093d18-b959-4ff3-b69a-a1748460cb5e,poi_1417_Coffee_Bean,visit,1,2025-10-28 13:39:43,1.360728,103.679357,8.5
d9093d18-b959-4ff3-b69a-a1748460cb5e,poi_1417_Coffee_Bean,rating,3,2025-10-28 15:02:43,1.360728,103.679357,8.5
dc678a8d-37ff-4a54-9a6a-da7252d1b855,poi_1485_Each_a_Cup,search,1,2025-10-28 15:37:45,1.37367,103.929802,4.16
ed4d4ddf-8829-49c2-b540-b0c8aa36dfcf,poi_1028_Marks_&_Spencer,search,1,2025-10-28 16:00:41,1.421788,103.863084,14.16
6fea97cb-757c-47f2-9e34-3ccbb6714c80,poi_1579_Dlifrance,visit,1,2025-10-28 16:36:40,1.417859,103.949314,7.09
6fea97cb-757c-47f2-9e34-3ccbb6714c80,poi_1579_Dlifrance,rating,3,2025-10-28 18:01:40,1.417859,103.949314,7.09
13e7ba11-c5a9-4f73-86d2-0f2c058891c7,poi_1826_Dallas_Restaurant_&_Bar,visit,1,2025-10-28 21:07:41,1.349574,103.848464,7.06
13e7ba11-c5a9-4f73-86d2-0f2c058891c7,poi_1826_Dallas_Restaurant_&_Bar,rating,4,2025-10-28 21:15:41,1.349574,103.848464,7.06
ed4d4ddf-8829-49c2-b540-b0c8aa36dfcf,poi_1028_Marks_&_Spencer,visit,1,2025-10-28 22:00:41,1.421788,103.863084,14.16
84273d4e-1e2c-4baf-8f0d-7b4f2ef833d0,poi_4005_Balestier_Medical_Clinic,visit,1,2025-10-28 22:55:42,1.290473,103.835186,3.97
ed4d4ddf-8829-49c2-b540-b0c8aa36dfcf,poi_1028_Marks_&_Spencer,rating,3,2025-10-28 23:32:41,1.421788,103.863084,14.16
84273d4e-1e2c-4baf-8f0d-7b4f2ef833d0,poi_4005_Balestier_Medical_Clinic,rating,3,2025-10-29 00:03:42,1.290473,103.835186,3.97
84273d4e-1e2c-4baf-8f0d-7b4f2ef833d0,poi_4163_Fitness_factory,visit,1,2025-10-29 00:46:42,1.341077,103.813184,7.07
6fea97cb-757c-47f2-9e34-3ccbb6714c80,poi_3780_Cake_Inspiration,search,1,2025-10-29 01:15:40,1.31876,103.821716,8.92
6b60d5cf-63cc-4dc4-9bbe-74da03df19db,poi_795_Chantique_the_Bridal_Gallery,visit,1,2025-10-29 02:41:41,1.271103,104.044924,16.83
6b60d5cf-63cc-4dc4-9bbe-74da03df19db,poi_795_Chantique_the_Bridal_Gallery,rating,3,2025-10-29 02:51:41,1.271103,104.044924,16.83
af0e718d-4cca-4308-a72e-221b3f2fbe9e,poi_2526_Day_&_Night,visit,1,2025-10-29 15:59:42,1.281268,103.849515,1.72
6fea97cb-757c-47f2-9e34-3ccbb6714c80,poi_3780_Cake_Inspiration,visit,1,2025-10-29 17:15:40,1.31876,103.821716,8.92
6fea97cb-757c-47f2-9e34-3ccbb6714c80,poi_3780_Cake_Inspiration,rating,3,2025-10-29 18:49:40,1.31876,103.821716,8.92
dc678a8d-37ff-4a54-9a6a-da7252d1b855,poi_1485_Each_a_Cup,visit,1,2025-10-30 00:37:45,1.37367,103.929802,4.16
e84b1e1f-de1f-4d49-85fc-28d7b0e8b86b,poi_1480_Brawns_&_Brains,visit,1,2025-10-30 01:02:45,1.314058,103.937746,3.46
dc678a8d-37ff-4a54-9a6a-da7252d1b855,poi_1485_Each_a_Cup,rating,4,2025-10-30 01:09:45,1.37367,103.929802,4.16
13e7ba11-c5a9-4f73-86d2-0f2c058891c7,poi_978_Malabar,search,1,2025-10-30 15:08:41,1.427254,103.792187,14.92
13e7ba11-c5a9-4f73-86d2-0f2c058891c7,poi_978_Malabar,visit,1,2025-10-30 21:08:41,1.427254,103.792187,14.92
985b9ad3-79dc-4c6a-9159-27f4dda0e235,poi_533_7-Eleven,visit,1,2025-10-31 12:09:45,1.456438,103.897145,8.38
4fbee9f0-804a-4e5d-834e-553670746410,poi_1087_Drury_Lane,visit,1,2025-10-31 16:48:41,1.301623,103.835058,2.76
4fbee9f0-804a-4e5d-834e-553670746410,poi_1087_Drury_Lane,rating,3,2025-10-31 17:44:41,1.301623,103.835058,2.76
dc678a8d-37ff-4a54-9a6a-da7252d1b855,poi_1142_Ah_Chew_Desserts,visit,1,2025-11-01 18:21:45,1.325246,103.818377,5.2
dc678a8d-37ff-4a54-9a6a-da7252d1b855,poi_1142_Ah_Chew_Desserts,rating,3,2025-11-01 19:38:45,1.325246,103.818377,5.2
af0e718d-4cca-4308-a72e-221b3f2fbe9e,poi_867_Singkiz,visit,1,2025-11-01 20:31:42,1.359256,103.854031,5.81
af0e718d-4cca-4308-a72e-221b3f2fbe9e,poi_867_Singkiz,rating,4,2025-11-01 22:23:42,1.359256,103.854031,5.81
bc6799a8-00d1-4ab5-80bf-eeffc36ba029,poi_820_Venge,visit,1,2025-11-02 01:52:43,1.371559,103.904789,9.36
bc6799a8-00d1-4ab5-80bf-eeffc36ba029,poi_820_Venge,rating,3,2025-11-02 02:32:43,1.371559,103.904789,9.36
985b9ad3-79dc-4c6a-9159-27f4dda0e235,poi_1399_Kings_Kart_Coffee,visit,1,2025-11-02 15:56:45,1.346205,103.855154,0.81
985b9ad3-79dc-4c6a-9159-27f4dda0e235,poi_1399_Kings_Kart_Coffee,rating,4,2025-11-02 16:24:45,1.346205,103.855154,0.81
84273d4e-1e2c-4baf-8f0d-7b4f2ef833d0,poi_1452_Nine_Fresh_Desserts_Taiwan,search,1,2025-11-03 01:01:42,1.36539,103.729912,9.53
d9093d18-b959-4ff3-b69a-a1748460cb5e,poi_1017_Metro,visit,1,2025-11-03 13:08:44,1.455023,103.663745,13.69
d9093d18-b959-4ff3-b69a-a1748460cb5e,poi_1017_Metro,rating,3,2025-11-03 14:58:44,1.455023,103.663745,13.69
79dfa2c9-fcaf-4ac0-9cf6-acdc3165f1db,poi_3593_Krispy_Kreme,visit,1,2025-11-03 16:43:42,1.306646,103.869374,2.89
79dfa2c9-fcaf-4ac0-9cf6-acdc3165f1db,poi_3593_Krispy_Kreme,rating,4,2025-11-03 17:34:42,1.306646,103.869374,2.89
84273d4e-1e2c-4baf-8f0d-7b4f2ef833d0,poi_3955_Pam_Island_Clinic_&_Surgery,visit,1,2025-11-04 01:08:42,1.333356,103.918579,0.48
6b60d5cf-63cc-4dc4-9bbe-74da03df19db,poi_843_Tiffany_&_Co,search,1,2025-11-04 01:45:41,1.439136,103.832864,14.98
84273d4e-1e2c-4baf-8f0d-7b4f2ef833d0,poi_3955_Pam_Island_Clinic_&_Surgery,rating,3,2025-11-04 02:44:42,1.333356,103.918579,0.48
6c32074e-c671-44f7-951a-422b74159885,poi_5126_UOB,search,1,2025-11-04 22:26:44,1.391835,103.901845,7.7
84273d4e-1e2c-4baf-8f0d-7b4f2ef833d0,poi_1452_Nine_Fresh_Desserts_Taiwan,visit,1,2025-11-05 00:01:42,1.36539,103.729912,9.53
84273d4e-1e2c-4baf-8f0d-7b4f2ef833d0,poi_1452_Nine_Fresh_Desserts_Taiwan,rating,3,2025-11-05 00:21:42,1.36539,103.729912,9.53
6b60d5cf-63cc-4dc4-9bbe-74da03df19db,poi_1566_Great_Nanyang_Heritage_Cafe,search,1,2025-11-05 15:17:41,1.293581,103.841867,0.88
6b60d5cf-63cc-4dc4-9bbe-74da03df19db,poi_843_Tiffany_&_Co,visit,1,2025-11-05 16:45:41,1.439136,103.832864,14.98
6b60d5cf-63cc-4dc4-9bbe-74da03df19db,poi_843_Tiffany_&_Co,rating,2,2025-11-05 18:44:41,1.439136,103.832864,14.98
6c32074e-c671-44f7-951a-422b74159885,poi_5126_UOB,visit,1,2025-11-05 19:26:44,1.391835,103.901845,7.7
6c32074e-c671-44f7-951a-422b74159885,poi_5126_UOB,rating,3,2025-11-05 21:14:44,1.391835,103.901845,7.7
da4ea5cf-d90f-4105-9a6e-f9f38252d01c,poi_765_Harvey_Norman,search,1,2025-11-06 03:08:45,1.259941,103.817732,6.13
e84b1e1f-de1f-4d49-85fc-28d7b0e8b86b,poi_1326_Ya_Kun_Kaya_Toast,search,1,2025-11-06 03:18:45,1.428222,103.923423,14.71
e84b1e1f-de1f-4d49-85fc-28d7b0e8b86b,poi_1326_Ya_Kun_Kaya_Toast,visit,1,2025-11-06 12:18:45,1.428222,103.923423,14.71
e84b1e1f-de1f-4d49-85fc-28d7b0e8b86b,poi_1326_Ya_Kun_Kaya_Toast,rating,3,2025-11-06 14:04:45,1.428222,103.923423,14.71
6b60d5cf-63cc-4dc4-9bbe-74da03df19db,poi_1566_Great_Nanyang_Heritage_Cafe,visit,1,2025-11-06 14:17:41,1.293581,103.841867,0.88
0fa06458-d7df-42c6-9de2-c32c36c16707,poi_1835_Goldleaf_Taiwan_Restaurant,search,1,2025-11-07 11:56:42,1.360019,103.889826,9.91
da4ea5cf-d90f-4105-9a6e-f9f38252d01c,poi_765_Harvey_Norman,visit,1,2025-11-07 20:08:45,1.259941,103.817732,6.13
0fa06458-d7df-42c6-9de2-c32c36c16707,poi_1284_Caffe_Fernet,visit,1,2025-11-07 20:56:43,1.317315,103.902865,6.72
0fa06458-d7df-42c6-9de2-c32c36c16707,poi_1284_Caffe_Fernet,rating,3,2025-11-07 21:26:43,1.317315,103.902865,6.72
bc6799a8-00d1-4ab5-80bf-eeffc36ba029,poi_1480_Brawns_&_Brains,visit,1,2025-11-07 23:01:43,1.23735,103.901052,7.82
bc6799a8-00d1-4ab5-80bf-eeffc36ba029,poi_1480_Brawns_&_Brains,rating,2,2025-11-08 00:50:43,1.23735,103.901052,7.82
79dfa2c9-fcaf-4ac0-9cf6-acdc3165f1db,poi_3714_Whampoa_Prawn_Noodles,visit,1,2025-11-08 01:15:42,1.315726,103.837478,1.81
91d45a60-1f23-45f2-a343-a51017f818d9,poi_3529_Dominos,visit,1,2025-11-08 01:17:41,1.268992,103.616297,9.48
91d45a60-1f23-45f2-a343-a51017f818d9,poi_3529_Dominos,rating,3,2025-11-08 01:38:41,1.268992,103.616297,9.48
4fbee9f0-804a-4e5d-834e-553670746410,poi_1458_SweetSpot_Cafe,search,1,2025-11-08 09:26:41,1.391903,103.899501,12.55
6b60d5cf-63cc-4dc4-9bbe-74da03df19db,poi_471_7-Eleven,visit,1,2025-11-08 13:27:41,1.39212,103.965275,15.49
ed4d4ddf-8829-49c2-b540-b0c8aa36dfcf,poi_1386_Knots_Cafe_and_Living,visit,1,2025-11-08 13:56:41,1.454547,103.973789,16.75
bdfc5ba3-1843-4148-aef4-5f25b90608d4,poi_3547_Gomgom,visit,1,2025-11-08 14:36:44,1.236463,104.024592,13.49
6b60d5cf-63cc-4dc4-9bbe-74da03df19db,poi_471_7-Eleven,rating,3,2025-11-08 15:03:41,1.39212,103.965275,15.49
ed4d4ddf-8829-49c2-b540-b0c8aa36dfcf,poi_1386_Knots_Cafe_and_Living,rating,2,2025-11-08 15:09:41,1.454547,103.973789,16.75
bdfc5ba3-1843-4148-aef4-5f25b90608d4,poi_3547_Gomgom,rating,3,2025-11-08 16:11:44,1.236463,104.024592,13.49
0fa06458-d7df-42c6-9de2-c32c36c16707,poi_1835_Goldleaf_Taiwan_Restaurant,visit,1,2025-11-08 22:56:42,1.360019,103.889826,9.91
0fa06458-d7df-42c6-9de2-c32c36c16707,poi_1835_Goldleaf_Taiwan_Restaurant,rating,3,2025-11-08 23:15:42,1.360019,103.889826,9.91
4fbee9f0-804a-4e5d-834e-553670746410,poi_1458_SweetSpot_Cafe,visit,1,2025-11-09 02:26:41,1.391903,103.899501,12.55
4fbee9f0-804a-4e5d-834e-553670746410,poi_1458_SweetSpot_Cafe,rating,2,2025-11-09 02:51:41,1.391903,103.899501,12.55
13e7ba11-c5a9-4f73-86d2-0f2c058891c7,poi_3966_Hyperbaric_Medical_Services,search,1,2025-11-09 04:11:41,1.438272,103.817029,12.93
af0e718d-4cca-4308-a72e-221b3f2fbe9e,poi_1292_Starbucks,search,1,2025-11-09 04:58:41,1.352529,103.867712,4.77
13e7ba11-c5a9-4f73-86d2-0f2c058891c7,poi_3966_Hyperbaric_Medical_Services,visit,1,2025-11-09 17:11:41,1.438272,103.817029,12.93
13e7ba11-c5a9-4f73-86d2-0f2c058891c7,poi_3966_Hyperbaric_Medical_Services,rating,3,2025-11-09 17:42:41,1.438272,103.817029,12.93
6c32074e-c671-44f7-951a-422b74159885,poi_495_7-Eleven,search,1,2025-11-09 20:44:44,1.304449,103.921111,9.23
84273d4e-1e2c-4baf-8f0d-7b4f2ef833d0,poi_4173_Tirisula_Yoga,search,1,2025-11-09 23:48:42,1.310355,103.8373,6.05
84273d4e-1e2c-4baf-8f0d-7b4f2ef833d0,poi_4173_Tirisula_Yoga,visit,1,2025-11-10 15:48:42,1.310355,103.8373,6.05
bdfc5ba3-1843-4148-aef4-5f25b90608d4,poi_3448_Subway,visit,1,2025-11-10 16:12:44,1.46389,103.643284,13.64
84273d4e-1e2c-4baf-8f0d-7b4f2ef833d0,poi_4173_Tirisula_Yoga,rating,4,2025-11-10 17:26:42,1.310355,103.8373,6.05
bdfc5ba3-1843-4148-aef4-5f25b90608d4,poi_3448_Subway,rating,3,2025-11-10 18:04:44,1.46389,103.643284,13.64
6c32074e-c671-44f7-951a-422b74159885,poi_495_7-Eleven,visit,1,2025-11-10 21:44:44,1.304449,103.921111,9.23
af0e718d-4cca-4308-a72e-221b3f2fbe9e,poi_1292_Starbucks,visit,1,2025-11-10 22:58:41,1.352529,103.867712,4.77
6c32074e-c671-44f7-951a-422b74159885,poi_495_7-Eleven,rating,3,2025-11-10 23:39:44,1.304449,103.921111,9.23
af0e718d-4cca-4308-a72e-221b3f2fbe9e,poi_1292_Starbucks,rating,4,2025-11-11 00:17:41,1.352529,103.867712,4.77
11069943-47a6-46e4-87ca-fa7d38142abc,poi_2434_Akbar_24_Hours_Restaurant,visit,1,2025-11-11 21:08:42,1.289994,103.864106,3.0
11069943-47a6-46e4-87ca-fa7d38142abc,poi_2434_Akbar_24_Hours_Restaurant,rating,3,2025-11-11 22:16:42,1.289994,103.864106,3.0
d9093d18-b959-4ff3-b69a-a1748460cb5e,poi_1357_Starbucks,visit,1,2025-11-11 23:35:44,1.284567,103.827807,8.92
4fbee9f0-804a-4e5d-834e-553670746410,poi_1387_Fat_Po,visit,1,2025-11-12 01:23:41,1.344011,104.01137,11.8
bc6799a8-00d1-4ab5-80bf-eeffc36ba029,poi_897_Beyond_9_to_5,visit,1,2025-11-12 19:07:43,1.403041,103.948768,3.25
e84b1e1f-de1f-4d49-85fc-28d7b0e8b86b,poi_1366_Whampoa_Soya_Bean_&_Grass_Jelly_Drinks,visit,1,2025-11-12 19:31:45,1.297763,103.851726,2.84
bc6799a8-00d1-4ab5-80bf-eeffc36ba029,poi_897_Beyond_9_to_5,rating,2,2025-11-12 19:38:43,1.403041,103.948768,3.25
6c32074e-c671-44f7-951a-422b74159885,poi_5421_UOB,search,1,2025-11-12 20:22:44,1.433447,103.835587,12.44
e84b1e1f-de1f-4d49-85fc-28d7b0e8b86b,poi_1366_Whampoa_Soya_Bean_&_Grass_Jelly_Drinks,rating,5,2025-11-12 20:36:45,1.297763,103.851726,2.84
0fa06458-d7df-42c6-9de2-c32c36c16707,poi_756_Hena_Infocom_Technologies_&_Trading,search,1,2025-11-12 23:56:43,1.294556,103.835621,2.84
84273d4e-1e2c-4baf-8f0d-7b4f2ef833d0,poi_4045_Nanyang_Dentist,search,1,2025-11-13 03:22:42,1.316688,103.928457,5.77
84273d4e-1e2c-4baf-8f0d-7b4f2ef833d0,poi_4170_24-HR-Gym,search,1,2025-11-13 13:16:42,1.29441,103.854739,5.48
6c32074e-c671-44f7-951a-422b74159885,poi_5421_UOB,visit,1,2025-11-13 23:22:44,1.433447,103.835587,12.44
6c32074e-c671-44f7-951a-422b74159885,poi_5421_UOB,rating,3,2025-11-14 00:29:44,1.433447,103.835587,12.44
6fea97cb-757c-47f2-9e34-3ccbb6714c80,poi_1410_Coffee_Friends,search,1,2025-11-14 07:46:40,1.319604,103.761685,1.01
84273d4e-1e2c-4baf-8f0d-7b4f2ef833d0,poi_4170_24-HR-Gym,visit,1,2025-11-14 16:16:42,1.29441,103.854739,5.48
84273d4e-1e2c-4baf-8f0d-7b4f2ef833d0,poi_4045_Nanyang_Dentist,visit,1,2025-11-14 16:22:42,1.316688,103.928457,5.77
84273d4e-1e2c-4baf-8f0d-7b4f2ef833d0,poi_4170_24-HR-Gym,rating,4,2025-11-14 16:42:42,1.29441,103.854739,5.48
84273d4e-1e2c-4baf-8f0d-7b4f2ef833d0,poi_4045_Nanyang_Dentist,rating,3,2025-11-14 17:17:42,1.316688,103.928457,5.77
6fea97cb-757c-47f2-9e34-3ccbb6714c80,poi_1410_Coffee_Friends,visit,1,2025-11-14 18:46:40,1.319604,103.761685,1.01
0fa06458-d7df-42c6-9de2-c32c36c16707,poi_756_Hena_Infocom_Technologies_&_Trading,visit,1,2025-11-14 19:56:43,1.294556,103.835621,2.84
0fa06458-d7df-42c6-9de2-c32c36c16707,poi_756_Hena_Infocom_Technologies_&_Trading,rating,4,2025-11-14 20:37:43,1.294556,103.835621,2.84
6fea97cb-757c-47f2-9e34-3ccbb6714c80,poi_1117_Foot_code,visit,1,2025-11-15 12:57:40,1.236097,103.607722,14.06
6fea97cb-757c-47f2-9e34-3ccbb6714c80,poi_1117_Foot_code,rating,2,2025-11-15 14:29:40,1.236097,103.607722,14.06
6fea97cb-757c-47f2-9e34-3ccbb6714c80,poi_1125_The_Bakery_Chef,search,1,2025-11-15 15:46:40,1.297894,103.862507,5.39
84273d4e-1e2c-4baf-8f0d-7b4f2ef833d0,poi_4163_Fitness_factory,visit,1,2025-11-15 17:57:42,1.336563,103.844827,5.35
6fea97cb-757c-47f2-9e34-3ccbb6714c80,poi_1125_The_Bakery_Chef,visit,1,2025-11-16 01:46:40,1.297894,103.862507,5.39
6fea97cb-757c-47f2-9e34-3ccbb6714c80,poi_1125_The_Bakery_Chef,rating,3,2025-11-16 03:20:40,1.297894,103.862507,5.39
84273d4e-1e2c-4baf-8f0d-7b4f2ef833d0,poi_3945_Kerbal-Basic_TCM_Clinic,visit,1,2025-11-16 19:04:42,1.336067,103.754696,9.64
13e7ba11-c5a9-4f73-86d2-0f2c058891c7,poi_3861_Barcook_Bakery,visit,1,2025-11-16 22:11:41,1.38033,103.891305,6.39
13e7ba11-c5a9-4f73-86d2-0f2c058891c7,poi_3861_Barcook_Bakery,rating,3,2025-11-16 23:15:41,1.38033,103.891305,6.39
91d45a60-1f23-45f2-a343-a51017f818d9,poi_1125_The_Bakery_Chef,search,1,2025-11-17 02:03:41,1.320141,103.762061,7.21
dc678a8d-37ff-4a54-9a6a-da7252d1b855,poi_1378_Olella_Makan_House,visit,1,2025-11-17 16:52:45,1.435344,103.826932,13.72
d9093d18-b959-4ff3-b69a-a1748460cb5e,poi_1480_Brawns_&_Brains,visit,1,2025-11-17 18:01:44,1.355516,103.939934,6.46
dc678a8d-37ff-4a54-9a6a-da7252d1b855,poi_1378_Olella_Makan_House,rating,2,2025-11-17 18:52:45,1.435344,103.826932,13.72
d9093d18-b959-4ff3-b69a-a1748460cb5e,poi_1480_Brawns_&_Brains,rating,3,2025-11-17 19:47:44,1.355516,103.939934,6.46
91d45a60-1f23-45f2-a343-a51017f818d9,poi_1125_The_Bakery_Chef,visit,1,2025-11-17 23:03:41,1.320141,103.762061,7.21
79dfa2c9-fcaf-4ac0-9cf6-acdc3165f1db,poi_3703_Little_Ribbons_Pasta_Co.,visit,1,2025-11-18 02:47:42,1.36369,103.954748,1.31
79dfa2c9-fcaf-4ac0-9cf6-acdc3165f1db,poi_3703_Little_Ribbons_Pasta_Co.,rating,3,2025-11-18 04:06:42,1.36369,103.954748,1.31
af0e718d-4cca-4308-a72e-221b3f2fbe9e,poi_1570_Kyuukei_Coffee,visit,1,2025-11-19 12:44:42,1.286544,103.843456,0.71
af0e718d-4cca-4308-a72e-221b3f2fbe9e,poi_1570_Kyuukei_Coffee,rating,4,2025-11-19 13:30:42,1.286544,103.843456,0.71
11069943-47a6-46e4-87ca-fa7d38142abc,poi_4228_Strength_Avenue,visit,1,2025-11-19 17:22:42,1.278977,103.853284,1.16
79dfa2c9-fcaf-4ac0-9cf6-acdc3165f1db,poi_3490_McDonalds,visit,1,2025-11-20 00:09:42,1.426153,103.820847,7.63
0fa06458-d7df-42c6-9de2-c32c36c16707,poi_2103_Burnt_Ends_Dempsey_Rd,visit,1,2025-11-20 01:27:43,1.313587,103.785191,2.85
79dfa2c9-fcaf-4ac0-9cf6-acdc3165f1db,poi_3490_McDonalds,rating,3,2025-11-20 01:34:42,1.426153,103.820847,7.63
0fa06458-d7df-42c6-9de2-c32c36c16707,poi_2103_Burnt_Ends_Dempsey_Rd,rating,2,2025-11-20 02:35:43,1.313587,103.785191,2.85
bc6799a8-00d1-4ab5-80bf-eeffc36ba029,poi_1434_Habitat,search,1,2025-11-20 13:23:43,1.299685,103.839069,2.67
84273d4e-1e2c-4baf-8f0d-7b4f2ef833d0,poi_4044_Nam_Fung_Dental_Surgery,search,1,2025-11-20 19:36:42,1.363854,103.945468,8.15
bc6799a8-00d1-4ab5-80bf-eeffc36ba029,poi_1434_Habitat,visit,1,2025-11-20 20:23:43,1.299685,103.839069,2.67
bc6799a8-00d1-4ab5-80bf-eeffc36ba029,poi_1434_Habitat,rating,4,2025-11-20 22:16:43,1.299685,103.839069,2.67
84273d4e-1e2c-4baf-8f0d-7b4f2ef833d0,poi_4044_Nam_Fung_Dental_Surgery,visit,1,2025-11-20 23:36:42,1.363854,103.945468,8.15
84273d4e-1e2c-4baf-8f0d-7b4f2ef833d0,poi_4044_Nam_Fung_Dental_Surgery,rating,2,2025-11-21 00:45:42,1.363854,103.945468,8.15
6fea97cb-757c-47f2-9e34-3ccbb6714c80,poi_1075_Coffee-Hugg,visit,1,2025-11-21 02:42:40,1.304084,103.842039,2.79
6fea97cb-757c-47f2-9e34-3ccbb6714c80,poi_1075_Coffee-Hugg,rating,4,2025-11-21 03:15:40,1.304084,103.842039,2.79
0fa06458-d7df-42c6-9de2-c32c36c16707,poi_1191_Whisk_&_Paddle,visit,1,2025-11-21 18:25:43,1.458849,103.994831,11.31
966592ed-5bfd-4113-9c4d-d93cd3637b40,poi_520_7-Eleven,visit,1,2025-11-21 18:54:40,1.306351,103.856184,10.51
0fa06458-d7df-42c6-9de2-c32c36c16707,poi_1191_Whisk_&_Paddle,rating,3,2025-11-21 19:21:43,1.458849,103.994831,11.31
966592ed-5bfd-4113-9c4d-d93cd3637b40,poi_520_7-Eleven,rating,2,2025-11-21 20:20:40,1.306351,103.856184,10.51
6b60d5cf-63cc-4dc4-9bbe-74da03df19db,poi_896_ANTA,search,1,2025-11-22 00:19:41,1.358261,103.903719,5.26
6c32074e-c671-44f7-951a-422b74159885,poi_534_Cheers,visit,1,2025-11-22 02:25:44,1.364998,103.848283,3.66
6c32074e-c671-44f7-951a-422b74159885,poi_534_Cheers,rating,3,2025-11-22 04:15:44,1.364998,103.848283,3.66
bc6799a8-00d1-4ab5-80bf-eeffc36ba029,poi_1369_Turkish_Cafe,visit,1,2025-11-22 12:08:43,1.362683,103.827104,11.34
bc6799a8-00d1-4ab5-80bf-eeffc36ba029,poi_1369_Turkish_Cafe,rating,3,2025-11-22 13:20:43,1.362683,103.827104,11.34
20fa62fd-59ef-4d4f-8cb4-9389b70ac389,poi_1045_Starbucks,search,1,2025-11-22 17:01:45,1.355539,103.854999,6.01
20fa62fd-59ef-4d4f-8cb4-9389b70ac389,poi_1045_Starbucks,visit,1,2025-11-22 19:01:45,1.355539,103.854999,6.01
da4ea5cf-d90f-4105-9a6e-f9f38252d01c,poi_1203_Qtech,visit,1,2025-11-22 19:57:45,1.362897,103.873592,6.37
da4ea5cf-d90f-4105-9a6e-f9f38252d01c,poi_1203_Qtech,rating,3,2025-11-22 20:12:45,1.362897,103.873592,6.37
e84b1e1f-de1f-4d49-85fc-28d7b0e8b86b,poi_1409_LiHO_TEA,visit,1,2025-11-22 20:50:45,1.372328,103.946349,0.41
e84b1e1f-de1f-4d49-85fc-28d7b0e8b86b,poi_1409_LiHO_TEA,rating,4,2025-11-22 21:25:45,1.372328,103.946349,0.41
84273d4e-1e2c-4baf-8f0d-7b4f2ef833d0,poi_4005_Balestier_Medical_Clinic,visit,1,2025-11-22 22:28:42,1.354745,103.856909,3.74
84273d4e-1e2c-4baf-8f0d-7b4f2ef833d0,poi_4005_Balestier_Medical_Clinic,rating,3,2025-11-22 23:51:42,1.354745,103.856909,3.74
91d45a60-1f23-45f2-a343-a51017f818d9,poi_1154_Thai_Table,visit,1,2025-11-23 02:42:41,1.345823,103.968757,2.62
91d45a60-1f23-45f2-a343-a51017f818d9,poi_1154_Thai_Table,rating,3,2025-11-23 03:51:41,1.345823,103.968757,2.62
985b9ad3-79dc-4c6a-9159-27f4dda0e235,poi_427_Phoon_Huat,search,1,2025-11-23 04:55:45,1.287619,103.850576,3.7
985b9ad3-79dc-4c6a-9159-27f4dda0e235,poi_974_Alka,search,1,2025-11-23 05:07:45,1.282879,103.831197,3.48
bc6799a8-00d1-4ab5-80bf-eeffc36ba029,poi_1203_Qtech,search,1,2025-11-23 05:21:43,1.287515,103.837299,3.2
dc678a8d-37ff-4a54-9a6a-da7252d1b855,poi_1389_DRubinah__Punggol,search,1,2025-11-23 15:52:45,1.404981,103.909935,1.56
79dfa2c9-fcaf-4ac0-9cf6-acdc3165f1db,poi_3462_Dominos,visit,1,2025-11-23 16:34:42,1.414825,103.667354,9.64
dc678a8d-37ff-4a54-9a6a-da7252d1b855,poi_1389_DRubinah__Punggol,visit,1,2025-11-23 16:52:45,1.404981,103.909935,1.56
dc678a8d-37ff-4a54-9a6a-da7252d1b855,poi_1389_DRubinah__Punggol,rating,4,2025-11-23 18:40:45,1.404981,103.909935,1.56
985b9ad3-79dc-4c6a-9159-27f4dda0e235,poi_1387_Fat_Po,visit,1,2025-11-23 19:56:45,1.364596,103.87671,5.5
6b60d5cf-63cc-4dc4-9bbe-74da03df19db,poi_896_ANTA,visit,1,2025-11-23 20:19:41,1.358261,103.903719,5.26
6b60d5cf-63cc-4dc4-9bbe-74da03df19db,poi_896_ANTA,rating,3,2025-11-23 20:41:41,1.358261,103.903719,5.26
985b9ad3-79dc-4c6a-9159-27f4dda0e235,poi_974_Alka,visit,1,2025-11-24 00:07:45,1.282879,103.831197,3.48
966592ed-5bfd-4113-9c4d-d93cd3637b40,poi_1171_Mellvin_Coffee_Shop,visit,1,2025-11-24 01:10:40,1.36102,103.876014,6.56
966592ed-5bfd-4113-9c4d-d93cd3637b40,poi_1171_Mellvin_Coffee_Shop,rating,3,2025-11-24 02:58:40,1.36102,103.876014,6.56
6c32074e-c671-44f7-951a-422b74159885,poi_5287_UOB,search,1,2025-11-24 20:06:44,1.361013,103.88004,1.43
dc678a8d-37ff-4a54-9a6a-da7252d1b855,poi_1165_Fun_Toast,visit,1,2025-11-24 21:27:45,1.367052,103.898757,0.83
dc678a8d-37ff-4a54-9a6a-da7252d1b855,poi_1165_Fun_Toast,rating,3,2025-11-24 22:15:45,1.367052,103.898757,0.83
985b9ad3-79dc-4c6a-9159-27f4dda0e235,poi_427_Phoon_Huat,visit,1,2025-11-24 22:55:45,1.287619,103.850576,3.7
985b9ad3-79dc-4c6a-9159-27f4dda0e235,poi_427_Phoon_Huat,rating,3,2025-11-25 00:04:45,1.287619,103.850576,3.7
bc6799a8-00d1-4ab5-80bf-eeffc36ba029,poi_1203_Qtech,visit,1,2025-11-25 01:21:43,1.287515,103.837299,3.2
bc6799a8-00d1-4ab5-80bf-eeffc36ba029,poi_1203_Qtech,rating,3,2025-11-25 01:41:43,1.287515,103.837299,3.2
d9093d18-b959-4ff3-b69a-a1748460cb5e,poi_1586_State_Of_Mind,visit,1,2025-11-25 14:44:44,1.431004,103.850391,1.65
d9093d18-b959-4ff3-b69a-a1748460cb5e,poi_1586_State_Of_Mind,rating,3,2025-11-25 15:14:44,1.431004,103.850391,1.65
6c32074e-c671-44f7-951a-422b74159885,poi_5287_UOB,visit,1,2025-11-25 21:06:44,1.361013,103.88004,1.43
6c32074e-c671-44f7-951a-422b74159885,poi_5287_UOB,rating,3,2025-11-25 22:43:44,1.361013,103.88004,1.43
dc678a8d-37ff-4a54-9a6a-da7252d1b855,poi_1110_ToMo_Cafe,visit,1,2025-11-26 20:35:45,1.365004,103.863813,3.5
dc678a8d-37ff-4a54-9a6a-da7252d1b855,poi_1110_ToMo_Cafe,rating,3,2025-11-26 21:36:45,1.365004,103.863813,3.5
0fa06458-d7df-42c6-9de2-c32c36c16707,poi_1279_Starbucks,visit,1,2025-11-26 22:36:43,1.279658,103.863166,1.39
0fa06458-d7df-42c6-9de2-c32c36c16707,poi_1279_Starbucks,rating,4,2025-11-26 22:48:43,1.279658,103.863166,1.39
79dfa2c9-fcaf-4ac0-9cf6-acdc3165f1db,poi_3462_Dominos,search,1,2025-11-27 08:43:42,1.423372,103.70318,8.48
79dfa2c9-fcaf-4ac0-9cf6-acdc3165f1db,poi_3462_Dominos,visit,1,2025-11-27 20:43:42,1.423372,103.70318,8.48
dc678a8d-37ff-4a54-9a6a-da7252d1b855,poi_3807_Paris_Baguette,visit,1,2025-11-27 21:05:45,1.323455,103.740289,13.02
da4ea5cf-d90f-4105-9a6e-f9f38252d01c,poi_1586_State_Of_Mind,visit,1,2025-11-27 21:45:44,1.452171,103.956589,13.66
6c32074e-c671-44f7-951a-422b74159885,poi_5099_UOB,visit,1,2025-11-27 21:52:44,1.332525,103.87176,2.72
dc678a8d-37ff-4a54-9a6a-da7252d1b855,poi_3807_Paris_Baguette,rating,2,2025-11-27 21:55:45,1.323455,103.740289,13.02
6c32074e-c671-44f7-951a-422b74159885,poi_5099_UOB,rating,3,2025-11-27 22:03:44,1.332525,103.87176,2.72
d9093d18-b959-4ff3-b69a-a1748460cb5e,poi_1591_Douly_Coffee,visit,1,2025-11-27 22:04:44,1.334851,103.727759,14.35
da4ea5cf-d90f-4105-9a6e-f9f38252d01c,poi_1586_State_Of_Mind,rating,3,2025-11-27 22:16:44,1.452171,103.956589,13.66
79dfa2c9-fcaf-4ac0-9cf6-acdc3165f1db,poi_3462_Dominos,rating,3,2025-11-27 22:37:42,1.423372,103.70318,8.48
91d45a60-1f23-45f2-a343-a51017f818d9,poi_751_Elba,visit,1,2025-11-28 14:33:40,1.308835,103.846463,4.86
91d45a60-1f23-45f2-a343-a51017f818d9,poi_751_Elba,rating,4,2025-11-28 16:07:40,1.308835,103.846463,4.86
6b60d5cf-63cc-4dc4-9bbe-74da03df19db,poi_1295_Starbucks,visit,1,2025-11-28 20:16:41,1.226625,103.652648,15.88
6b60d5cf-63cc-4dc4-9bbe-74da03df19db,poi_1295_Starbucks,rating,2,2025-11-28 21:26:41,1.226625,103.652648,15.88
dc678a8d-37ff-4a54-9a6a-da7252d1b855,poi_1135_The_Coffee_Bean_&_Tea_Leaf,visit,1,2025-11-28 22:57:45,1.367629,103.943801,12.85
20fa62fd-59ef-4d4f-8cb4-9389b70ac389,poi_1000_MPH,search,1,2025-11-29 05:57:45,1.336108,103.861353,4.12
4fbee9f0-804a-4e5d-834e-553670746410,poi_1399_Kings_Kart_Coffee,search,1,2025-11-29 15:48:41,1.453293,103.833195,11.64
da4ea5cf-d90f-4105-9a6e-f9f38252d01c,poi_1386_Knots_Cafe_and_Living,visit,1,2025-11-29 19:03:44,1.356789,103.965036,8.87
4fbee9f0-804a-4e5d-834e-553670746410,poi_1399_Kings_Kart_Coffee,visit,1,2025-11-29 21:48:41,1.453293,103.833195,11.64
4fbee9f0-804a-4e5d-834e-553670746410,poi_1399_Kings_Kart_Coffee,rating,3,2025-11-29 22:58:41,1.453293,103.833195,11.64
bc6799a8-00d1-4ab5-80bf-eeffc36ba029,poi_1316_The_Coffee_Bean_&_Tea_Leaf,visit,1,2025-11-30 01:39:43,1.3227,103.74062,13.33
bc6799a8-00d1-4ab5-80bf-eeffc36ba029,poi_1316_The_Coffee_Bean_&_Tea_Leaf,rating,3,2025-11-30 02:18:43,1.3227,103.74062,13.33
6fea97cb-757c-47f2-9e34-3ccbb6714c80,poi_1524_Keong_Saik_Bakery,search,1,2025-11-30 14:46:40,1.331258,103.989454,14.18
bc6799a8-00d1-4ab5-80bf-eeffc36ba029,poi_1291_Rochor_Original_Beancurd,visit,1,2025-11-30 15:55:43,1.420793,103.916482,15.12
bc6799a8-00d1-4ab5-80bf-eeffc36ba029,poi_1291_Rochor_Original_Beancurd,rating,3,2025-11-30 16:42:43,1.420793,103.916482,15.12
6fea97cb-757c-47f2-9e34-3ccbb6714c80,poi_1524_Keong_Saik_Bakery,visit,1,2025-11-30 16:46:40,1.331258,103.989454,14.18
91d45a60-1f23-45f2-a343-a51017f818d9,poi_1382_One_Man_Coffee,visit,1,2025-11-30 17:07:40,1.35168,103.848177,1.5
91d45a60-1f23-45f2-a343-a51017f818d9,poi_1382_One_Man_Coffee,rating,4,2025-11-30 18:19:40,1.35168,103.848177,1.5
6fea97cb-757c-47f2-9e34-3ccbb6714c80,poi_1524_Keong_Saik_Bakery,rating,3,2025-11-30 18:20:40,1.331258,103.989454,14.18
0fa06458-d7df-42c6-9de2-c32c36c16707,poi_3724_Top_1_Homemade_Noodle,visit,1,2025-11-30 18:46:43,1.366046,103.899139,13.87
0fa06458-d7df-42c6-9de2-c32c36c16707,poi_3724_Top_1_Homemade_Noodle,rating,3,2025-11-30 18:56:43,1.366046,103.899139,13.87
bdfc5ba3-1843-4148-aef4-5f25b90608d4,poi_3608_Pezzo,visit,1,2025-11-30 22:21:44,1.369796,103.979912,3.38
6fea97cb-757c-47f2-9e34-3ccbb6714c80,poi_1433_Banchong_Cafe,visit,1,2025-12-01 01:21:40,1.364619,103.850538,6.02
ed4d4ddf-8829-49c2-b540-b0c8aa36dfcf,poi_466_7-Eleven,visit,1,2025-12-01 01:35:41,1.360449,103.891804,4.33
6fea97cb-757c-47f2-9e34-3ccbb6714c80,poi_1433_Banchong_Cafe,rating,3,2025-12-01 01:41:40,1.364619,103.850538,6.02
20fa62fd-59ef-4d4f-8cb4-9389b70ac389,poi_1000_MPH,visit,1,2025-12-01 01:57:45,1.336108,103.861353,4.12
20fa62fd-59ef-4d4f-8cb4-9389b70ac389,poi_1000_MPH,rating,3,2025-12-01 03:27:45,1.336108,103.861353,4.12
20fa62fd-59ef-4d4f-8cb4-9389b70ac389,poi_865_Gucci,visit,1,2025-12-01 18:21:45,1.288023,103.850622,2.36
20fa62fd-59ef-4d4f-8cb4-9389b70ac389,poi_865_Gucci,rating,3,2025-12-01 18:38:45,1.288023,103.850622,2.36
0fa06458-d7df-42c6-9de2-c32c36c16707,poi_3165_Tanamera_Coffee,visit,1,2025-12-01 23:18:43,1.306334,103.845815,2.47
da4ea5cf-d90f-4105-9a6e-f9f38252d01c,poi_1063_The_Reading_Room,search,1,2025-12-02 03:31:44,1.404293,103.873235,14.4
6fea97cb-757c-47f2-9e34-3ccbb6714c80,poi_1314_Starbucks,search,1,2025-12-02 12:08:40,1.326159,103.852102,0.6
dc678a8d-37ff-4a54-9a6a-da7252d1b855,poi_1417_Coffee_Bean,search,1,2025-12-02 19:13:45,1.416602,103.689824,6.7
dc678a8d-37ff-4a54-9a6a-da7252d1b855,poi_1417_Coffee_Bean,visit,1,2025-12-02 21:13:45,1.416602,103.689824,6.7
0fa06458-d7df-42c6-9de2-c32c36c16707,poi_1163_Fresh_Fruits_Lab,search,1,2025-12-02 22:26:43,1.283293,103.871842,5.74
0fa06458-d7df-42c6-9de2-c32c36c16707,poi_1163_Fresh_Fruits_Lab,visit,1,2025-12-03 02:26:43,1.283293,103.871842,5.74
bc6799a8-00d1-4ab5-80bf-eeffc36ba029,poi_1349_Drink_Stall,search,1,2025-12-03 10:04:43,1.331783,103.764017,3.68
6fea97cb-757c-47f2-9e34-3ccbb6714c80,poi_1314_Starbucks,visit,1,2025-12-03 12:08:40,1.326159,103.852102,0.6
6fea97cb-757c-47f2-9e34-3ccbb6714c80,poi_1314_Starbucks,rating,3,2025-12-03 13:51:40,1.326159,103.852102,0.6
d9093d18-b959-4ff3-b69a-a1748460cb5e,poi_391_I-Tec_Supermart,search,1,2025-12-03 16:17:43,1.343767,103.749856,11.65
13e7ba11-c5a9-4f73-86d2-0f2c058891c7,poi_4250_clubyoga,search,1,2025-12-03 16:41:41,1.374241,103.881934,10.39
11069943-47a6-46e4-87ca-fa7d38142abc,poi_2024_Burp_Kitchen_&_Bar_(Bishan_Park),visit,1,2025-12-03 16:54:42,1.336421,103.94082,12.09
da4ea5cf-d90f-4105-9a6e-f9f38252d01c,poi_1063_The_Reading_Room,visit,1,2025-12-03 19:31:44,1.404293,103.873235,14.4
da4ea5cf-d90f-4105-9a6e-f9f38252d01c,poi_1063_The_Reading_Room,rating,3,2025-12-03 19:58:44,1.404293,103.873235,14.4
dc678a8d-37ff-4a54-9a6a-da7252d1b855,poi_1099_Starbucks,visit,1,2025-12-03 19:59:45,1.24192,103.943697,11.12
dc678a8d-37ff-4a54-9a6a-da7252d1b855,poi_1099_Starbucks,rating,2,2025-12-03 21:45:45,1.24192,103.943697,11.12
d9093d18-b959-4ff3-b69a-a1748460cb5e,poi_391_I-Tec_Supermart,visit,1,2025-12-03 22:17:43,1.343767,103.749856,11.65
d9093d18-b959-4ff3-b69a-a1748460cb5e,poi_391_I-Tec_Supermart,rating,3,2025-12-03 23:08:43,1.343767,103.749856,11.65
6c32074e-c671-44f7-951a-422b74159885,poi_465_retail_shop,visit,1,2025-12-04 01:27:44,1.296742,103.847345,2.07
6c32074e-c671-44f7-951a-422b74159885,poi_465_retail_shop,rating,3,2025-12-04 02:06:44,1.296742,103.847345,2.07
bdfc5ba3-1843-4148-aef4-5f25b90608d4,poi_3560_Carls_Jr.,visit,1,2025-12-04 16:52:44,1.308497,103.772341,3.25
bc6799a8-00d1-4ab5-80bf-eeffc36ba029,poi_1349_Drink_Stall,visit,1,2025-12-04 21:04:43,1.331783,103.764017,3.68
bc6799a8-00d1-4ab5-80bf-eeffc36ba029,poi_1349_Drink_Stall,rating,4,2025-12-04 22:09:43,1.331783,103.764017,3.68
84273d4e-1e2c-4baf-8f0d-7b4f2ef833d0,poi_4090_Advanced_Dental,visit,1,2025-12-05 02:12:42,1.409443,103.978317,5.2
84273d4e-1e2c-4baf-8f0d-7b4f2ef833d0,poi_4090_Advanced_Dental,rating,2,2025-12-05 02:27:42,1.409443,103.978317,5.2
13e7ba11-c5a9-4f73-86d2-0f2c058891c7,poi_4250_clubyoga,visit,1,2025-12-05 14:41:41,1.374241,103.881934,10.39
ed4d4ddf-8829-49c2-b540-b0c8aa36dfcf,poi_1353_itea,visit,1,2025-12-05 15:18:41,1.321595,103.855665,0.18
13e7ba11-c5a9-4f73-86d2-0f2c058891c7,poi_4250_clubyoga,rating,2,2025-12-05 15:20:41,1.374241,103.881934,10.39
ed4d4ddf-8829-49c2-b540-b0c8aa36dfcf,poi_1353_itea,rating,4,2025-12-05 15:53:41,1.321595,103.855665,0.18
da4ea5cf-d90f-4105-9a6e-f9f38252d01c,poi_1603_Starbucks,visit,1,2025-12-06 02:37:45,1.228287,103.843708,10.66
ed4d4ddf-8829-49c2-b540-b0c8aa36dfcf,poi_1394_KOI_Th,visit,1,2025-12-06 16:39:41,1.358285,103.820136,7.36
985b9ad3-79dc-4c6a-9159-27f4dda0e235,poi_1351_Starbucks,visit,1,2025-12-07 16:33:45,1.333819,103.925132,4.17
985b9ad3-79dc-4c6a-9159-27f4dda0e235,poi_1351_Starbucks,rating,4,2025-12-07 16:44:45,1.333819,103.925132,4.17
91d45a60-1f23-45f2-a343-a51017f818d9,poi_883_Dakshaini_Silks,visit,1,2025-12-08 02:22:40,1.3512,103.849429,4.98
91d45a60-1f23-45f2-a343-a51017f818d9,poi_883_Dakshaini_Silks,rating,4,2025-12-08 02:55:40,1.3512,103.849429,4.98
6b60d5cf-63cc-4dc4-9bbe-74da03df19db,poi_412_Octobox,visit,1,2025-12-08 15:51:41,1.41188,103.652102,7.85
6b60d5cf-63cc-4dc4-9bbe-74da03df19db,poi_412_Octobox,rating,3,2025-12-08 16:36:41,1.41188,103.652102,7.85
d9093d18-b959-4ff3-b69a-a1748460cb5e,poi_821_Rod_Jrud,visit,1,2025-12-08 20:13:44,1.426907,103.834885,14.25
d9093d18-b959-4ff3-b69a-a1748460cb5e,poi_821_Rod_Jrud,rating,2,2025-12-08 21:02:44,1.426907,103.834885,14.25
6b60d5cf-63cc-4dc4-9bbe-74da03df19db,poi_837_Haniffa,visit,1,2025-12-08 21:29:41,1.320708,103.837852,2.24
11069943-47a6-46e4-87ca-fa7d38142abc,poi_2434_Akbar_24_Hours_Restaurant,visit,1,2025-12-09 00:21:42,1.300388,103.868272,4.12
11069943-47a6-46e4-87ca-fa7d38142abc,poi_2434_Akbar_24_Hours_Restaurant,rating,4,2025-12-09 01:44:42,1.300388,103.868272,4.12
4fbee9f0-804a-4e5d-834e-553670746410,poi_3826_Qinde_Egg_Tart_&_Pastries,search,1,2025-12-09 14:52:41,1.322695,103.928033,8.11
d9093d18-b959-4ff3-b69a-a1748460cb5e,poi_3836_Four_Leaves,search,1,2025-12-09 20:12:44,1.292535,103.836647,2.44
0fa06458-d7df-42c6-9de2-c32c36c16707,poi_1966_Fusion_Spoon,search,1,2025-12-09 21:25:43,1.450348,103.603158,14.57
966592ed-5bfd-4113-9c4d-d93cd3637b40,poi_786_Harvey_Norman,visit,1,2025-12-10 00:08:40,1.282716,103.637335,13.06
91d45a60-1f23-45f2-a343-a51017f818d9,poi_1451_Starbucks,search,1,2025-12-10 07:12:40,1.365575,103.850003,8.02
d9093d18-b959-4ff3-b69a-a1748460cb5e,poi_3836_Four_Leaves,visit,1,2025-12-10 23:12:44,1.292535,103.836647,2.44
d9093d18-b959-4ff3-b69a-a1748460cb5e,poi_3836_Four_Leaves,rating,3,2025-12-10 23:42:44,1.292535,103.836647,2.44
4fbee9f0-804a-4e5d-834e-553670746410,poi_3826_Qinde_Egg_Tart_&_Pastries,visit,1,2025-12-11 13:52:41,1.322695,103.928033,8.11
4fbee9f0-804a-4e5d-834e-553670746410,poi_3826_Qinde_Egg_Tart_&_Pastries,rating,2,2025-12-11 14:25:41,1.322695,103.928033,8.11
0fa06458-d7df-42c6-9de2-c32c36c16707,poi_1966_Fusion_Spoon,visit,1,2025-12-11 20:25:43,1.450348,103.603158,14.57
d9093d18-b959-4ff3-b69a-a1748460cb5e,poi_1371_Starbucks,visit,1,2025-12-11 20:40:44,1.44577,103.844698,2.07
79dfa2c9-fcaf-4ac0-9cf6-acdc3165f1db,poi_3495_Go_Tarboush,visit,1,2025-12-11 22:26:42,1.27635,103.854451,2.87
79dfa2c9-fcaf-4ac0-9cf6-acdc3165f1db,poi_3549_McDonalds,visit,1,2025-12-11 22:57:42,1.29775,103.848224,3.24
dc678a8d-37ff-4a54-9a6a-da7252d1b855,poi_1560_The_Jip_&_Lab,visit,1,2025-12-11 23:01:45,1.313288,103.762851,4.54
79dfa2c9-fcaf-4ac0-9cf6-acdc3165f1db,poi_3495_Go_Tarboush,rating,3,2025-12-11 23:03:42,1.27635,103.854451,2.87
79dfa2c9-fcaf-4ac0-9cf6-acdc3165f1db,poi_3549_McDonalds,rating,3,2025-12-12 00:39:42,1.29775,103.848224,3.24
91d45a60-1f23-45f2-a343-a51017f818d9,poi_1295_Starbucks,visit,1,2025-12-12 00:56:40,1.237446,103.760767,8.68
91d45a60-1f23-45f2-a343-a51017f818d9,poi_1451_Starbucks,visit,1,2025-12-12 01:12:40,1.365575,103.850003,8.02
91d45a60-1f23-45f2-a343-a51017f818d9,poi_1451_Starbucks,rating,3,2025-12-12 01:22:40,1.365575,103.850003,8.02
91d45a60-1f23-45f2-a343-a51017f818d9,poi_1295_Starbucks,rating,2,2025-12-12 02:34:40,1.237446,103.760767,8.68
4fbee9f0-804a-4e5d-834e-553670746410,poi_1233_Starbucks,visit,1,2025-12-12 02:51:41,1.318574,103.923793,7.07
4fbee9f0-804a-4e5d-834e-553670746410,poi_1233_Starbucks,rating,4,2025-12-12 04:26:41,1.318574,103.923793,7.07
6c32074e-c671-44f7-951a-422b74159885,poi_5126_UOB,search,1,2025-12-12 21:08:44,1.370563,103.992448,4.03
0fa06458-d7df-42c6-9de2-c32c36c16707,poi_3865_50_Taste_of_Tradition,search,1,2025-12-12 21:57:42,1.278873,103.861746,1.96
e84b1e1f-de1f-4d49-85fc-28d7b0e8b86b,poi_3218_Kopifellas_Cafe,visit,1,2025-12-13 15:29:45,1.409874,103.914487,5.49
e84b1e1f-de1f-4d49-85fc-28d7b0e8b86b,poi_3218_Kopifellas_Cafe,rating,3,2025-12-13 17:19:45,1.409874,103.914487,5.49
ed4d4ddf-8829-49c2-b540-b0c8aa36dfcf,poi_541_Cheers,visit,1,2025-12-13 21:46:41,1.324676,103.779082,8.6
84273d4e-1e2c-4baf-8f0d-7b4f2ef833d0,poi_4191_Anytime_Fitness,visit,1,2025-12-13 22:34:42,1.437568,103.783464,7.98
84273d4e-1e2c-4baf-8f0d-7b4f2ef833d0,poi_4191_Anytime_Fitness,rating,3,2025-12-13 23:35:42,1.437568,103.783464,7.98
6c32074e-c671-44f7-951a-422b74159885,poi_5126_UOB,visit,1,2025-12-14 02:08:44,1.370563,103.992448,4.03
6c32074e-c671-44f7-951a-422b74159885,poi_5126_UOB,rating,3,2025-12-14 03:26:44,1.370563,103.992448,4.03
79dfa2c9-fcaf-4ac0-9cf6-acdc3165f1db,poi_3541_PizzaArc,visit,1,2025-12-14 17:12:42,1.33251,103.751562,1.96
79dfa2c9-fcaf-4ac0-9cf6-acdc3165f1db,poi_3541_PizzaArc,rating,3,2025-12-14 17:57:42,1.33251,103.751562,1.96
0fa06458-d7df-42c6-9de2-c32c36c16707,poi_3865_50_Taste_of_Tradition,visit,1,2025-12-14 19:57:42,1.278873,103.861746,1.96
0fa06458-d7df-42c6-9de2-c32c36c16707,poi_771_Mecha_Store,search,1,2025-12-16 11:43:43,1.278439,103.851216,0.52
91d45a60-1f23-45f2-a343-a51017f818d9,poi_1133_Hong_Kee_Roasted_Chicken/Duck_Rice,visit,1,2025-12-16 14:08:40,1.32785,103.867443,1.71
91d45a60-1f23-45f2-a343-a51017f818d9,poi_1133_Hong_Kee_Roasted_Chicken/Duck_Rice,rating,4,2025-12-16 15:54:40,1.32785,103.867443,1.71
dc678a8d-37ff-4a54-9a6a-da7252d1b855,poi_1424_Chicha_San_Chen,visit,1,2025-12-16 17:05:45,1.322127,103.738357,11.67
91d45a60-1f23-45f2-a343-a51017f818d9,poi_802_La_Belle_Couture,visit,1,2025-12-16 17:31:40,1.29928,103.86027,3.02
dc678a8d-37ff-4a54-9a6a-da7252d1b855,poi_1424_Chicha_San_Chen,rating,2,2025-12-16 17:34:45,1.322127,103.738357,11.67
91d45a60-1f23-45f2-a343-a51017f818d9,poi_802_La_Belle_Couture,rating,4,2025-12-16 18:30:40,1.29928,103.86027,3.02
da4ea5cf-d90f-4105-9a6e-f9f38252d01c,poi_822_Tako_Aljunied,visit,1,2025-12-17 01:34:44,1.30359,103.853413,0.66
da4ea5cf-d90f-4105-9a6e-f9f38252d01c,poi_822_Tako_Aljunied,rating,3,2025-12-17 02:18:44,1.30359,103.853413,0.66
bc6799a8-00d1-4ab5-80bf-eeffc36ba029,poi_997_Popular,search,1,2025-12-17 11:10:43,1.370003,104.016562,8.23
0fa06458-d7df-42c6-9de2-c32c36c16707,poi_771_Mecha_Store,visit,1,2025-12-17 20:43:43,1.278439,103.851216,0.52
6c32074e-c671-44f7-951a-422b74159885,poi_420_Fook_Ann_Siang_Medicine_&_Trading_Co.,visit,1,2025-12-17 21:25:44,1.352254,103.872798,5.1
0fa06458-d7df-42c6-9de2-c32c36c16707,poi_771_Mecha_Store,rating,3,2025-12-17 21:47:43,1.278439,103.851216,0.52
6c32074e-c671-44f7-951a-422b74159885,poi_420_Fook_Ann_Siang_Medicine_&_Trading_Co.,rating,3,2025-12-17 23:05:44,1.352254,103.872798,5.1
6fea97cb-757c-47f2-9e34-3ccbb6714c80,poi_1136_Paris_Baguette,search,1,2025-12-18 06:31:40,1.27458,103.860849,2.25
985b9ad3-79dc-4c6a-9159-27f4dda0e235,poi_1150_Coffee_Culture,search,1,2025-12-18 08:26:45,1.330231,103.729596,7.56
985b9ad3-79dc-4c6a-9159-27f4dda0e235,poi_1150_Coffee_Culture,visit,1,2025-12-18 21:26:45,1.330231,103.729596,7.56
985b9ad3-79dc-4c6a-9159-27f4dda0e235,poi_1150_Coffee_Culture,rating,4,2025-12-18 22:49:45,1.330231,103.729596,7.56
bc6799a8-00d1-4ab5-80bf-eeffc36ba029,poi_997_Popular,visit,1,2025-12-19 01:10:43,1.370003,104.016562,8.23
6fea97cb-757c-47f2-9e34-3ccbb6714c80,poi_1136_Paris_Baguette,visit,1,2025-12-19 18:31:40,1.27458,103.860849,2.25
6fea97cb-757c-47f2-9e34-3ccbb6714c80,poi_1136_Paris_Baguette,rating,2,2025-12-19 19:47:40,1.27458,103.860849,2.25
11069943-47a6-46e4-87ca-fa7d38142abc,poi_1812_Jerrys_Barbeque_&_Grill,search,1,2025-12-19 21:05:42,1.368867,103.88197,10.5
11069943-47a6-46e4-87ca-fa7d38142abc,poi_3024_Coffee_Lounge,visit,1,2025-12-19 22:02:42,1.334896,103.85607,3.83
bc6799a8-00d1-4ab5-80bf-eeffc36ba029,poi_1509_Tanamera_Coffee,visit,1,2025-12-19 23:31:43,1.285173,103.839211,2.13
bc6799a8-00d1-4ab5-80bf-eeffc36ba029,poi_1509_Tanamera_Coffee,rating,4,2025-12-20 00:03:43,1.285173,103.839211,2.13
84273d4e-1e2c-4baf-8f0d-7b4f2ef833d0,poi_4163_Fitness_factory,visit,1,2025-12-20 14:17:42,1.344582,103.840717,6.29
84273d4e-1e2c-4baf-8f0d-7b4f2ef833d0,poi_4163_Fitness_factory,rating,4,2025-12-20 15:51:42,1.344582,103.840717,6.29
11069943-47a6-46e4-87ca-fa7d38142abc,poi_1802_Noti_Restaurant_&_Bar,visit,1,2025-12-20 16:30:42,1.348091,103.874805,8.01
11069943-47a6-46e4-87ca-fa7d38142abc,poi_1802_Noti_Restaurant_&_Bar,rating,3,2025-12-20 16:38:42,1.348091,103.874805,8.01
e84b1e1f-de1f-4d49-85fc-28d7b0e8b86b,poi_916_The_Closet_Lover,visit,1,2025-12-21 01:32:45,1.356965,103.845825,11.05
e84b1e1f-de1f-4d49-85fc-28d7b0e8b86b,poi_916_The_Closet_Lover,rating,3,2025-12-21 01:37:45,1.356965,103.845825,11.05
da4ea5cf-d90f-4105-9a6e-f9f38252d01c,poi_1519_Ceres,visit,1,2025-12-21 02:22:44,1.298784,103.83335,2.15
da4ea5cf-d90f-4105-9a6e-f9f38252d01c,poi_1519_Ceres,rating,4,2025-12-21 02:53:44,1.298784,103.83335,2.15
bc6799a8-00d1-4ab5-80bf-eeffc36ba029,poi_1105_Starbucks,visit,1,2025-12-21 12:38:43,1.400909,103.664479,6.25
bc6799a8-00d1-4ab5-80bf-eeffc36ba029,poi_1105_Starbucks,rating,3,2025-12-21 13:32:43,1.400909,103.664479,6.25
20fa62fd-59ef-4d4f-8cb4-9389b70ac389,poi_1399_Kings_Kart_Coffee,search,1,2025-12-21 18:42:45,1.443473,103.797141,11.89
20fa62fd-59ef-4d4f-8cb4-9389b70ac389,poi_786_Harvey_Norman,visit,1,2025-12-21 19:09:45,1.321727,103.757698,2.16
11069943-47a6-46e4-87ca-fa7d38142abc,poi_1812_Jerrys_Barbeque_&_Grill,visit,1,2025-12-21 20:05:42,1.368867,103.88197,10.5
11069943-47a6-46e4-87ca-fa7d38142abc,poi_1812_Jerrys_Barbeque_&_Grill,rating,3,2025-12-21 20:12:42,1.368867,103.88197,10.5
20fa62fd-59ef-4d4f-8cb4-9389b70ac389,poi_1399_Kings_Kart_Coffee,visit,1,2025-12-21 23:42:45,1.443473,103.797141,11.89
20fa62fd-59ef-4d4f-8cb4-9389b70ac389,poi_1399_Kings_Kart_Coffee,rating,3,2025-12-22 01:42:45,1.443473,103.797141,11.89
ed4d4ddf-8829-49c2-b540-b0c8aa36dfcf,poi_527_Shell_Select,search,1,2025-12-22 10:36:41,1.420908,103.921445,2.47
985b9ad3-79dc-4c6a-9159-27f4dda0e235,poi_1382_One_Man_Coffee,visit,1,2025-12-22 19:16:45,1.425775,103.795106,9.26
985b9ad3-79dc-4c6a-9159-27f4dda0e235,poi_1382_One_Man_Coffee,rating,3,2025-12-22 21:10:45,1.425775,103.795106,9.26
d9093d18-b959-4ff3-b69a-a1748460cb5e,poi_1164_Unicorn_Kampung_1200,visit,1,2025-12-22 23:06:44,1.361459,103.884607,5.25
ed4d4ddf-8829-49c2-b540-b0c8aa36dfcf,poi_527_Shell_Select,visit,1,2025-12-22 23:36:41,1.420908,103.921445,2.47
6fea97cb-757c-47f2-9e34-3ccbb6714c80,poi_1231_Chin_Mee_Chin_Confectionery,search,1,2025-12-23 00:01:40,1.304695,103.923511,1.85
ed4d4ddf-8829-49c2-b540-b0c8aa36dfcf,poi_527_Shell_Select,rating,3,2025-12-23 00:02:41,1.420908,103.921445,2.47
d9093d18-b959-4ff3-b69a-a1748460cb5e,poi_1164_Unicorn_Kampung_1200,rating,4,2025-12-23 00:51:44,1.361459,103.884607,5.25
0fa06458-d7df-42c6-9de2-c32c36c16707,poi_2525_Nandos,visit,1,2025-12-23 02:48:43,1.275887,103.846532,4.13
0fa06458-d7df-42c6-9de2-c32c36c16707,poi_2525_Nandos,rating,3,2025-12-23 04:20:43,1.275887,103.846532,4.13
af0e718d-4cca-4308-a72e-221b3f2fbe9e,poi_1432_The_Lwef_Shack,search,1,2025-12-23 07:06:41,1.445089,103.836619,5.34
84273d4e-1e2c-4baf-8f0d-7b4f2ef833d0,poi_4043_Dental_Surgery,visit,1,2025-12-23 13:32:42,1.38676,103.887191,7.95
af0e718d-4cca-4308-a72e-221b3f2fbe9e,poi_1432_The_Lwef_Shack,visit,1,2025-12-23 15:06:41,1.445089,103.836619,5.34
6fea97cb-757c-47f2-9e34-3ccbb6714c80,poi_1231_Chin_Mee_Chin_Confectionery,visit,1,2025-12-23 16:01:40,1.304695,103.923511,1.85
af0e718d-4cca-4308-a72e-221b3f2fbe9e,poi_1432_The_Lwef_Shack,rating,4,2025-12-23 16:50:41,1.445089,103.836619,5.34
6fea97cb-757c-47f2-9e34-3ccbb6714c80,poi_1231_Chin_Mee_Chin_Confectionery,rating,3,2025-12-23 16:57:40,1.304695,103.923511,1.85
bdfc5ba3-1843-4148-aef4-5f25b90608d4,poi_3572_Popeyes,visit,1,2025-12-23 19:41:44,1.369088,103.843868,5.34
bdfc5ba3-1843-4148-aef4-5f25b90608d4,poi_3572_Popeyes,rating,3,2025-12-23 20:13:44,1.369088,103.843868,5.34
11069943-47a6-46e4-87ca-fa7d38142abc,poi_1081_The_New_Harbor_Cafe_And_Bar,visit,1,2025-12-24 00:35:42,1.30568,103.845389,3.1
11069943-47a6-46e4-87ca-fa7d38142abc,poi_1081_The_New_Harbor_Cafe_And_Bar,rating,4,2025-12-24 02:08:42,1.30568,103.845389,3.1
da4ea5cf-d90f-4105-9a6e-f9f38252d01c,poi_1427_Cafe_134,visit,1,2025-12-24 18:49:45,1.258927,103.660764,12.48
da4ea5cf-d90f-4105-9a6e-f9f38252d01c,poi_1427_Cafe_134,rating,3,2025-12-24 20:12:45,1.258927,103.660764,12.48
dc678a8d-37ff-4a54-9a6a-da7252d1b855,poi_1205_280_Cafe,visit,1,2025-12-24 21:37:45,1.460474,103.777748,1.93
d9093d18-b959-4ff3-b69a-a1748460cb5e,poi_1041_Coffee_Shop_-_Chicken_Rice,visit,1,2025-12-24 21:45:44,1.457766,103.918228,12.21
d9093d18-b959-4ff3-b69a-a1748460cb5e,poi_1041_Coffee_Shop_-_Chicken_Rice,rating,3,2025-12-24 21:53:44,1.457766,103.918228,12.21
6c32074e-c671-44f7-951a-422b74159885,poi_4720_Tree_in_Lodge,visit,1,2025-12-24 23:00:44,1.329638,103.984102,14.29
dc678a8d-37ff-4a54-9a6a-da7252d1b855,poi_1205_280_Cafe,rating,3,2025-12-24 23:31:45,1.460474,103.777748,1.93
6c32074e-c671-44f7-951a-422b74159885,poi_4720_Tree_in_Lodge,rating,3,2025-12-25 00:28:44,1.329638,103.984102,14.29
11069943-47a6-46e4-87ca-fa7d38142abc,poi_3966_Hyperbaric_Medical_Services,visit,1,2025-12-25 17:44:42,1.271515,103.87151,6.76
11069943-47a6-46e4-87ca-fa7d38142abc,poi_3966_Hyperbaric_Medical_Services,rating,3,2025-12-25 18:48:42,1.271515,103.87151,6.76
ed4d4ddf-8829-49c2-b540-b0c8aa36dfcf,poi_999_Pacific_Bookstores,visit,1,2025-12-25 19:31:41,1.258079,103.806843,5.57
ed4d4ddf-8829-49c2-b540-b0c8aa36dfcf,poi_1597_Letoile,visit,1,2025-12-25 19:48:41,1.36619,103.864717,5.88
ed4d4ddf-8829-49c2-b540-b0c8aa36dfcf,poi_999_Pacific_Bookstores,rating,3,2025-12-25 21:12:41,1.258079,103.806843,5.57
ed4d4ddf-8829-49c2-b540-b0c8aa36dfcf,poi_1597_Letoile,rating,3,2025-12-25 21:20:41,1.36619,103.864717,5.88
11069943-47a6-46e4-87ca-fa7d38142abc,poi_1548_Monday_Coffee_Bar,search,1,2025-12-26 16:59:42,1.352278,103.850999,10.25
84273d4e-1e2c-4baf-8f0d-7b4f2ef833d0,poi_4186_Gyn_n_Tonic,visit,1,2025-12-26 18:28:42,1.328298,103.859661,4.44
84273d4e-1e2c-4baf-8f0d-7b4f2ef833d0,poi_4186_Gyn_n_Tonic,rating,4,2025-12-26 18:53:42,1.328298,103.859661,4.44
79dfa2c9-fcaf-4ac0-9cf6-acdc3165f1db,poi_3502_McDonalds,search,1,2025-12-26 20:14:42,1.42643,103.844954,6.75
dc678a8d-37ff-4a54-9a6a-da7252d1b855,poi_1371_Starbucks,search,1,2025-12-27 04:23:45,1.428381,103.794011,4.64
0fa06458-d7df-42c6-9de2-c32c36c16707,poi_2995_Ta_lu_prawn_noodle,search,1,2025-12-27 07:20:42,1.340188,103.872271,6.83
6b60d5cf-63cc-4dc4-9bbe-74da03df19db,poi_827_Time_After_Time,visit,1,2025-12-27 13:40:41,1.323438,103.934998,8.83
6b60d5cf-63cc-4dc4-9bbe-74da03df19db,poi_827_Time_After_Time,rating,3,2025-12-27 14:05:41,1.323438,103.934998,8.83
966592ed-5bfd-4113-9c4d-d93cd3637b40,poi_468_Mini_Mart_SM_Tresha,visit,1,2025-12-27 17:27:40,1.268733,103.871574,7.16
966592ed-5bfd-4113-9c4d-d93cd3637b40,poi_468_Mini_Mart_SM_Tresha,rating,3,2025-12-27 18:38:40,1.268733,103.871574,7.16
11069943-47a6-46e4-87ca-fa7d38142abc,poi_1548_Monday_Coffee_Bar,visit,1,2025-12-28 00:59:42,1.352278,103.850999,10.25
79dfa2c9-fcaf-4ac0-9cf6-acdc3165f1db,poi_3502_McDonalds,visit,1,2025-12-28 01:14:42,1.42643,103.844954,6.75
11069943-47a6-46e4-87ca-fa7d38142abc,poi_1548_Monday_Coffee_Bar,rating,3,2025-12-28 01:38:42,1.352278,103.850999,10.25
dc678a8d-37ff-4a54-9a6a-da7252d1b855,poi_1371_Starbucks,visit,1,2025-12-28 12:23:45,1.428381,103.794011,4.64
0fa06458-d7df-42c6-9de2-c32c36c16707,poi_2995_Ta_lu_prawn_noodle,visit,1,2025-12-28 13:20:42,1.340188,103.872271,6.83
0fa06458-d7df-42c6-9de2-c32c36c16707,poi_2995_Ta_lu_prawn_noodle,rating,2,2025-12-28 14:01:42,1.340188,103.872271,6.83
0fa06458-d7df-42c6-9de2-c32c36c16707,poi_1426_Oatberry_Cafe,search,1,2025-12-29 05:24:43,1.335839,103.88784,6.96
6c32074e-c671-44f7-951a-422b74159885,poi_4151_Guardian,visit,1,2025-12-30 00:14:44,1.280873,103.867985,3.87
6c32074e-c671-44f7-951a-422b74159885,poi_4151_Guardian,rating,2,2025-12-30 02:03:44,1.280873,103.867985,3.87
0fa06458-d7df-42c6-9de2-c32c36c16707,poi_1426_Oatberry_Cafe,visit,1,2025-12-30 18:24:43,1.335839,103.88784,6.96
0fa06458-d7df-42c6-9de2-c32c36c16707,poi_1426_Oatberry_Cafe,rating,3,2025-12-30 18:47:43,1.335839,103.88784,6.96
d9093d18-b959-4ff3-b69a-a1748460cb5e,poi_1068_JC_Coffee_Houzz,search,1,2025-12-31 01:14:44,1.314274,103.846452,5.96
985b9ad3-79dc-4c6a-9159-27f4dda0e235,poi_1253_The_Coffee_Bean_&_Tea_Leaf,search,1,2025-12-31 13:16:45,1.311501,103.756881,8.31
d9093d18-b959-4ff3-b69a-a1748460cb5e,poi_1068_JC_Coffee_Houzz,visit,1,2025-12-31 18:14:44,1.314274,103.846452,5.96
d9093d18-b959-4ff3-b69a-a1748460cb5e,poi_1068_JC_Coffee_Houzz,rating,3,2025-12-31 18:46:44,1.314274,103.846452,5.96
985b9ad3-79dc-4c6a-9159-27f4dda0e235,poi_1253_The_Coffee_Bean_&_Tea_Leaf,visit,1,2026-01-01 14:16:45,1.311501,103.756881,8.31
985b9ad3-79dc-4c6a-9159-27f4dda0e235,poi_1253_The_Coffee_Bean_&_Tea_Leaf,rating,4,2026-01-01 14:45:45,1.311501,103.756881,8.31
af0e718d-4cca-4308-a72e-221b3f2fbe9e,poi_884_Dhawals,visit,1,2026-01-01 20:29:42,1.281903,103.847681,2.79
af0e718d-4cca-4308-a72e-221b3f2fbe9e,poi_884_Dhawals,rating,4,2026-01-01 22:01:42,1.281903,103.847681,2.79
91d45a60-1f23-45f2-a343-a51017f818d9,poi_1201_Highlander_Coffee,search,1,2026-01-02 13:46:40,1.255719,103.905455,8.06
13e7ba11-c5a9-4f73-86d2-0f2c058891c7,poi_109_Warehouse_Club,visit,1,2026-01-03 02:34:41,1.268364,103.642033,7.71
91d45a60-1f23-45f2-a343-a51017f818d9,poi_502_7-Eleven,search,1,2026-01-03 02:36:40,1.32865,103.853255,3.31
13e7ba11-c5a9-4f73-86d2-0f2c058891c7,poi_109_Warehouse_Club,rating,3,2026-01-03 02:42:41,1.268364,103.642033,7.71
6fea97cb-757c-47f2-9e34-3ccbb6714c80,poi_1590_The_Coffee_Bean_&_Tea_Leaf,search,1,2026-01-03 03:54:40,1.360527,103.999459,5.05
84273d4e-1e2c-4baf-8f0d-7b4f2ef833d0,poi_4171_F45,visit,1,2026-01-03 12:04:42,1.378906,103.981883,9.86
84273d4e-1e2c-4baf-8f0d-7b4f2ef833d0,poi_4171_F45,rating,4,2026-01-03 12:15:42,1.378906,103.981883,9.86
6b60d5cf-63cc-4dc4-9bbe-74da03df19db,poi_1382_One_Man_Coffee,visit,1,2026-01-03 20:09:41,1.363572,103.83899,1.31
6b60d5cf-63cc-4dc4-9bbe-74da03df19db,poi_1382_One_Man_Coffee,rating,4,2026-01-03 20:32:41,1.363572,103.83899,1.31
91d45a60-1f23-45f2-a343-a51017f818d9,poi_1201_Highlander_Coffee,visit,1,2026-01-03 22:46:40,1.255719,103.905455,8.06
91d45a60-1f23-45f2-a343-a51017f818d9,poi_1201_Highlander_Coffee,rating,2,2026-01-03 23:35:40,1.255719,103.905455,8.06
6fea97cb-757c-47f2-9e34-3ccbb6714c80,poi_1590_The_Coffee_Bean_&_Tea_Leaf,visit,1,2026-01-03 23:54:40,1.360527,103.999459,5.05
6fea97cb-757c-47f2-9e34-3ccbb6714c80,poi_1590_The_Coffee_Bean_&_Tea_Leaf,rating,4,2026-01-04 00:39:40,1.360527,103.999459,5.05
6b60d5cf-63cc-4dc4-9bbe-74da03df19db,poi_1323_Dimbulah_Mountain_Estate_Coffee,search,1,2026-01-04 13:50:41,1.382699,103.832732,10.05
91d45a60-1f23-45f2-a343-a51017f818d9,poi_502_7-Eleven,visit,1,2026-01-04 19:36:40,1.32865,103.853255,3.31
91d45a60-1f23-45f2-a343-a51017f818d9,poi_502_7-Eleven,rating,3,2026-01-04 20:08:40,1.32865,103.853255,3.31
6b60d5cf-63cc-4dc4-9bbe-74da03df19db,poi_1323_Dimbulah_Mountain_Estate_Coffee,visit,1,2026-01-04 20:50:41,1.382699,103.832732,10.05
6b60d5cf-63cc-4dc4-9bbe-74da03df19db,poi_1323_Dimbulah_Mountain_Estate_Coffee,rating,3,2026-01-04 22:07:41,1.382699,103.832732,10.05
84273d4e-1e2c-4baf-8f0d-7b4f2ef833d0,poi_4085_Faith_Dental_Surgery,visit,1,2026-01-05 00:52:42,1.40218,103.933871,7.71
84273d4e-1e2c-4baf-8f0d-7b4f2ef833d0,poi_4085_Faith_Dental_Surgery,rating,3,2026-01-05 01:03:42,1.40218,103.933871,7.71
d9093d18-b959-4ff3-b69a-a1748460cb5e,poi_1008_Evernew_Book_Store,search,1,2026-01-05 12:39:44,1.311796,103.75332,4.26
d9093d18-b959-4ff3-b69a-a1748460cb5e,poi_1008_Evernew_Book_Store,visit,1,2026-01-05 16:39:44,1.311796,103.75332,4.26
ed4d4ddf-8829-49c2-b540-b0c8aa36dfcf,poi_1015_Metro,search,1,2026-01-06 06:09:41,1.303125,103.851353,1.71
11069943-47a6-46e4-87ca-fa7d38142abc,poi_2973_Lumo_Bar_&_Restaurant,search,1,2026-01-06 15:14:42,1.342539,103.859251,6.23
4fbee9f0-804a-4e5d-834e-553670746410,poi_1603_Starbucks,visit,1,2026-01-06 15:46:41,1.352543,103.974925,9.58
ed4d4ddf-8829-49c2-b540-b0c8aa36dfcf,poi_1015_Metro,visit,1,2026-01-06 18:09:41,1.303125,103.851353,1.71
ed4d4ddf-8829-49c2-b540-b0c8aa36dfcf,poi_1015_Metro,rating,4,2026-01-06 18:17:41,1.303125,103.851353,1.71
af0e718d-4cca-4308-a72e-221b3f2fbe9e,poi_1072_Starbucks,search,1,2026-01-06 21:22:42,1.337228,103.753713,5.17
d9093d18-b959-4ff3-b69a-a1748460cb5e,poi_490_Aruna_Minimart,visit,1,2026-01-07 17:03:43,1.435157,103.819627,14.99
d9093d18-b959-4ff3-b69a-a1748460cb5e,poi_490_Aruna_Minimart,rating,3,2026-01-07 18:04:43,1.435157,103.819627,14.99
11069943-47a6-46e4-87ca-fa7d38142abc,poi_2973_Lumo_Bar_&_Restaurant,visit,1,2026-01-07 22:14:42,1.342539,103.859251,6.23
11069943-47a6-46e4-87ca-fa7d38142abc,poi_2973_Lumo_Bar_&_Restaurant,rating,3,2026-01-07 23:24:42,1.342539,103.859251,6.23
6c32074e-c671-44f7-951a-422b74159885,poi_5302_UOB,search,1,2026-01-08 14:52:44,1.332091,103.935942,8.64
e84b1e1f-de1f-4d49-85fc-28d7b0e8b86b,poi_944_Autium_Jewellery,search,1,2026-01-08 20:57:45,1.288751,103.856735,3.05
da4ea5cf-d90f-4105-9a6e-f9f38252d01c,poi_807_Lyznco,search,1,2026-01-08 21:16:44,1.307006,103.992759,10.53
af0e718d-4cca-4308-a72e-221b3f2fbe9e,poi_1072_Starbucks,visit,1,2026-01-08 21:22:42,1.337228,103.753713,5.17
af0e718d-4cca-4308-a72e-221b3f2fbe9e,poi_1072_Starbucks,rating,3,2026-01-08 22:34:42,1.337228,103.753713,5.17
6c32074e-c671-44f7-951a-422b74159885,poi_5302_UOB,visit,1,2026-01-09 00:52:44,1.332091,103.935942,8.64
0fa06458-d7df-42c6-9de2-c32c36c16707,poi_2767_Royal_Thai,visit,1,2026-01-09 01:13:43,1.324297,103.733493,5.24
0fa06458-d7df-42c6-9de2-c32c36c16707,poi_2767_Royal_Thai,rating,3,2026-01-09 01:31:43,1.324297,103.733493,5.24
4fbee9f0-804a-4e5d-834e-553670746410,poi_1213_Bakery_House_Cafe,visit,1,2026-01-09 20:55:41,1.437942,103.837588,9.46
da4ea5cf-d90f-4105-9a6e-f9f38252d01c,poi_807_Lyznco,visit,1,2026-01-10 02:16:44,1.307006,103.992759,10.53
6c32074e-c671-44f7-951a-422b74159885,poi_5057_UOB,visit,1,2026-01-10 02:24:44,1.283273,103.602847,14.37
6c32074e-c671-44f7-951a-422b74159885,poi_5057_UOB,rating,3,2026-01-10 02:37:44,1.283273,103.602847,14.37
d9093d18-b959-4ff3-b69a-a1748460cb5e,poi_1371_Starbucks,visit,1,2026-01-10 02:46:44,1.429627,103.787352,5.38
d9093d18-b959-4ff3-b69a-a1748460cb5e,poi_1371_Starbucks,rating,3,2026-01-10 03:18:44,1.429627,103.787352,5.38
da4ea5cf-d90f-4105-9a6e-f9f38252d01c,poi_807_Lyznco,rating,3,2026-01-10 03:25:44,1.307006,103.992759,10.53
966592ed-5bfd-4113-9c4d-d93cd3637b40,poi_3724_Top_1_Homemade_Noodle,search,1,2026-01-10 14:31:40,1.33845,103.771958,0.67
6c32074e-c671-44f7-951a-422b74159885,poi_5060_UOB,visit,1,2026-01-10 15:32:44,1.36324,103.843985,6.87
6c32074e-c671-44f7-951a-422b74159885,poi_5060_UOB,rating,3,2026-01-10 16:28:44,1.36324,103.843985,6.87
91d45a60-1f23-45f2-a343-a51017f818d9,poi_861_Mouawad,visit,1,2026-01-10 18:29:40,1.282938,103.86664,4.91
e84b1e1f-de1f-4d49-85fc-28d7b0e8b86b,poi_944_Autium_Jewellery,visit,1,2026-01-10 18:57:45,1.288751,103.856735,3.05
dc678a8d-37ff-4a54-9a6a-da7252d1b855,poi_1278_An_Aai_Affair,visit,1,2026-01-10 22:21:45,1.424739,103.791324,9.4
dc678a8d-37ff-4a54-9a6a-da7252d1b855,poi_1278_An_Aai_Affair,rating,3,2026-01-11 00:11:45,1.424739,103.791324,9.4
bdfc5ba3-1843-4148-aef4-5f25b90608d4,poi_3552_The_Pack,visit,1,2026-01-11 18:24:44,1.388403,103.884424,9.01
966592ed-5bfd-4113-9c4d-d93cd3637b40,poi_3724_Top_1_Homemade_Noodle,visit,1,2026-01-11 18:31:40,1.33845,103.771958,0.67
966592ed-5bfd-4113-9c4d-d93cd3637b40,poi_3724_Top_1_Homemade_Noodle,rating,4,2026-01-11 19:19:40,1.33845,103.771958,0.67
bdfc5ba3-1843-4148-aef4-5f25b90608d4,poi_3552_The_Pack,rating,3,2026-01-11 19:42:44,1.388403,103.884424,9.01
dc678a8d-37ff-4a54-9a6a-da7252d1b855,poi_1043_Grill_&_Pasta,visit,1,2026-01-12 21:51:45,1.439552,103.791103,8.59
84273d4e-1e2c-4baf-8f0d-7b4f2ef833d0,poi_4187_G1RYA,visit,1,2026-01-12 23:07:42,1.352116,103.890896,4.96
dc678a8d-37ff-4a54-9a6a-da7252d1b855,poi_1043_Grill_&_Pasta,rating,3,2026-01-12 23:39:45,1.439552,103.791103,8.59
79dfa2c9-fcaf-4ac0-9cf6-acdc3165f1db,poi_3333_Boon_Lay_Food_Court,visit,1,2026-01-13 00:23:42,1.309799,103.66086,7.05
79dfa2c9-fcaf-4ac0-9cf6-acdc3165f1db,poi_3333_Boon_Lay_Food_Court,rating,2,2026-01-13 01:29:42,1.309799,103.66086,7.05
6c32074e-c671-44f7-951a-422b74159885,poi_5122_UOB,visit,1,2026-01-13 02:57:44,1.37928,103.913461,5.26
6c32074e-c671-44f7-951a-422b74159885,poi_5122_UOB,rating,3,2026-01-13 03:43:44,1.37928,103.913461,5.26
bc6799a8-00d1-4ab5-80bf-eeffc36ba029,poi_1306_Starbucks,visit,1,2026-01-14 01:44:43,1.30286,103.854123,0.93
79dfa2c9-fcaf-4ac0-9cf6-acdc3165f1db,poi_3671_Stackz,visit,1,2026-01-14 02:18:42,1.316768,103.757714,9.96
bc6799a8-00d1-4ab5-80bf-eeffc36ba029,poi_1306_Starbucks,rating,4,2026-01-14 02:25:43,1.30286,103.854123,0.93
79dfa2c9-fcaf-4ac0-9cf6-acdc3165f1db,poi_3671_Stackz,rating,2,2026-01-14 04:11:42,1.316768,103.757714,9.96
6c32074e-c671-44f7-951a-422b74159885,poi_5363_UOB,search,1,2026-01-14 16:41:44,1.267885,103.855925,3.29
e84b1e1f-de1f-4d49-85fc-28d7b0e8b86b,poi_3157_Soul_Kind_Cafe,visit,1,2026-01-14 21:01:45,1.37599,103.629951,13.1
e84b1e1f-de1f-4d49-85fc-28d7b0e8b86b,poi_3157_Soul_Kind_Cafe,rating,2,2026-01-14 21:28:45,1.37599,103.629951,13.1
6c32074e-c671-44f7-951a-422b74159885,poi_5363_UOB,visit,1,2026-01-14 21:41:44,1.267885,103.855925,3.29
6c32074e-c671-44f7-951a-422b74159885,poi_5363_UOB,rating,3,2026-01-14 23:33:44,1.267885,103.855925,3.29
d9093d18-b959-4ff3-b69a-a1748460cb5e,poi_1115_Symmetry_cafe,visit,1,2026-01-15 01:22:43,1.260573,103.744605,13.62
d9093d18-b959-4ff3-b69a-a1748460cb5e,poi_1115_Symmetry_cafe,rating,2,2026-01-15 03:04:43,1.260573,103.744605,13.62
