poi_id,level,Y_A_split_idx,total_dims,spatial_lat_norm,spatial_lon_norm,num_level1_nodes_norm,text_atm,text_atm general,text_bonding chill,text_bonding date,text_bonding dining,text_budget,text_budget dining,text_budget essentials,text_cafe,text_cafe bonding,text_cafe chill,text_chill,text_chill dining,text_date,text_date night,text_dining family,text_dining social,text_essentials,text_essentials local,text_family social,text_fast_food,text_fast_food budget,text_friendly,text_general,text_general local,text_health,text_health wellness,text_hotel,text_hotel local,text_local,text_local staycation,text_local uob,text_luxury,text_night,text_night dining,text_pet,text_pet friendly,text_restaurant bonding,text_restaurant date,text_restaurant dining,text_shopping,text_social,text_staycation,text_supermarket,text_supermarket budget,text_uob,text_uob atm,text_wellness,text_work,text_work friendly,user_count,interaction_variance,user_pref_diversity,visit_ratio,avg_rating,search_to_visit_ratio,repeat_visitor_ratio,latent_0,latent_1,latent_2,latent_3,latent_4,latent_5,latent_6,latent_7,latent_8,latent_9,latent_10,latent_11,latent_12,latent_13,latent_14,latent_15,latent_16,latent_17,latent_18,latent_19,latent_20,latent_21,latent_22,latent_23,latent_24,latent_25,latent_26,latent_27,latent_28,latent_29,latent_30,latent_31,latent_32,latent_33,latent_34,latent_35,latent_36,latent_37,latent_38,latent_39,latent_40,latent_41,latent_42,latent_43,latent_44,latent_45,latent_46,latent_47,latent_48,latent_49,latent_50,latent_51,latent_52,latent_53,latent_54,latent_55,latent_56,latent_57,latent_58,latent_59,latent_60,latent_61,latent_62,latent_63,latent_64
district_BEDOK_EAST,level_2,53,125,-0.40898454,1.2400222,0.2630897,0.0,0.0,0.07136902,0.08927755,0.1759039,0.06368395,0.049849827,0.023789674,0.21227983,0.07136902,0.108488835,0.19372568,0.14529425,0.1868069,0.1868069,0.37527308,0.12687826,0.09624217,0.08116141,0.09906392,0.049849827,0.049849827,0.214482,0.008711963,0.009610295,0.2499338,0.2499338,0.03844118,0.02957213,0.10364541,0.02957213,0.0,0.1013237,0.1868069,0.19105184,0.12118002,0.12118002,0.24479492,0.06662919,0.1591318,0.06368395,0.30442604,0.028830888,0.031719565,0.023789674,0.0,0.0,0.2499338,0.10856111,0.10856111,-0.6925666,-0.5093368,-1.1546214,-0.6925666,-0.21121679,2.0379035,-0.5093368,-1.1219616,0.32299942,-0.47739494,0.6396882,-0.6925666,1.9206297,1.9206297,2.0379035,-0.47739494,0.6396882,-0.44431993,-0.5093368,2.0379035,0.32299942,-0.47739494,0.6396882,1.9206297,-1.1219616,-0.20213734,-0.89070106,1.3970392,0.5066224,-1.331365,0.55553454,-0.90542644,0.31580114,0.49009803,-0.18502855,0.7475915,-0.30204126,1.0151283,0.88467735,0.085328594,0.25743496,0.0,0.0,0.0,0.0,0.0,0.0,0.0,0.0,0.0,0.0,-0.27784273,-0.47084752,0.0,0.0,1.5593369,-0.21185938,-0.26025748,0.0,-0.4015199,0.0,0.0,0.0,0.0,0.0,0.0,0.0,0.0,0.0,0.0,0.0,0.0
district_TOA_PAYOH_CENTRAL,level_2,53,125,-0.15778951,0.5010754,0.2630897,0.0,0.0,0.06763307,0.09691019,0.26543108,0.084490396,0.014172101,0.08115968,0.14484067,0.06763307,0.052873593,0.14162248,0.094414994,0.20063186,0.20063186,0.3862863,0.10821291,0.11365443,0.04153294,0.10863051,0.014172101,0.014172101,0.23603748,0.029721305,0.03278601,0.1421103,0.1421103,0.0,0.0,0.06314135,0.0,0.0,0.18518086,0.20063186,0.20519096,0.18086766,0.18086766,0.33856633,0.07576962,0.18882999,0.048280224,0.2714431,0.0,0.14879274,0.08115968,0.0,0.0,0.1421103,0.074072346,0.074072346,0.04809882,0.05624403,-0.17829417,0.04809882,-0.12664552,0.26196617,0.05624403,-0.07033702,0.011306405,0.08213817,0.15128084,0.04809882,-0.19322573,-0.19322573,0.26196617,0.08213817,0.15128084,-0.14651895,0.05624403,0.26196617,0.011306405,0.08213817,0.15128084,-0.19322573,-0.07033702,-0.051817615,0.07543945,-0.10119587,-0.07941074,0.2659308,-0.041914888,0.21389373,-0.14366768,-1.05021,-0.37238818,-1.3696567,0.42798185,-0.07655832,-1.1821795,-0.72223204,-0.26918274,0.0,0.0,0.0,0.0,0.0,0.0,0.0,0.0,0.0,0.0,-0.27784273,-0.47084752,0.0,0.0,-0.4212587,-0.4506203,-0.38303173,0.0,-0.4015199,0.0,0.0,0.0,0.0,0.0,0.0,0.0,0.0,0.0,0.0,0.0,0.0
district_ROCHOR_CENTRAL,level_2,53,125,-0.80607206,0.30776742,3.0207944,0.0,0.0,0.079656996,0.06793992,0.15574361,0.07700275,0.06954851,0.016595207,0.16881372,0.079656996,0.055138044,0.15637536,0.107146084,0.17085457,0.17085457,0.3087235,0.082976036,0.03098614,0.01698498,0.10365755,0.06954851,0.06954851,0.15637536,0.029171009,0.0281566,0.050719675,0.050719675,0.37810293,0.18153462,0.2231002,0.24342142,0.0,0.15751858,0.17085457,0.174737,0.07607951,0.07607951,0.20768608,0.068169504,0.15347953,0.22508496,0.23456305,0.2976555,0.019914249,0.016595207,0.0,0.0,0.050719675,0.0908761,0.0908761,0.16310892,-0.5093368,1.5399344,0.16310892,0.29358467,0.6202995,-0.5093368,0.81145984,-1.1995867,0.37754375,-0.7077155,0.16310892,-0.61043406,-0.61043406,0.6202995,0.37754375,-0.7077155,1.1110911,-0.5093368,0.6202995,-1.1995867,0.37754375,-0.7077155,-0.61043406,0.81145984,-0.17432833,0.36048084,-0.8380327,0.3972233,0.20144363,-0.5303128,0.058731705,0.3616936,1.2602521,0.16764265,0.66949636,1.1580057,-0.07655832,0.88467735,1.9696368,0.4031557,0.0,0.0,0.0,0.0,0.0,0.0,0.0,0.0,0.0,0.0,0.2351058,2.1480503,0.0,0.0,-0.4212587,-0.4506203,4.619072,0.0,2.1056345,0.0,0.0,0.0,0.0,0.0,0.0,0.0,0.0,0.0,0.0,0.0,0.0
district_QUEENSTOWN_CENTRAL,level_2,53,125,-0.8964427,-0.59572566,0.9364827,0.029640967,0.020652587,0.124018595,0.08631337,0.17352639,0.08410477,0.057172168,0.03968595,0.17706268,0.124018595,0.038781673,0.17312855,0.14283106,0.1904414,0.1904414,0.33595186,0.0793719,0.24545814,0.22847657,0.08853134,0.057172168,0.057172168,0.1904414,0.12534973,0.12625122,0.12318674,0.12318674,0.072143555,0.043165714,0.33808386,0.043165714,0.0,0.12224366,0.1904414,0.19476894,0.08054517,0.08054517,0.24005361,0.092625715,0.16014391,0.0663985,0.21641068,0.04208374,0.03968595,0.03968595,0.0,0.0,0.12318674,0.12224366,0.12224366,-0.6925666,-0.5093368,1.1579078,-0.6925666,0.97362113,0.93661904,-0.5093368,0.38764724,0.09941987,-0.47739494,-0.047937825,-0.6925666,-0.61043406,-0.61043406,0.93661904,-0.47739494,-0.047937825,1.0038937,-0.5093368,0.93661904,0.09941987,-0.47739494,-0.047937825,-0.61043406,0.38764724,0.8197206,0.19420983,-0.8380327,-0.47841617,0.27737784,-1.1982685,1.0416659,0.069013976,1.7736881,-0.33363318,0.4572981,-0.41435254,0.65123326,0.88467735,-0.28174445,0.28144902,0.0,0.0,0.0,0.0,0.0,0.0,0.0,0.0,0.0,0.0,-0.27784273,0.9447882,0.0,0.0,-0.4212587,0.64196545,0.6290315,0.0,1.1629679,0.0,0.0,0.0,0.0,0.0,0.0,0.0,0.0,0.0,0.0,0.0,0.0
district_MARINE_PARADE_CENTRAL,level_2,53,125,-0.7996817,0.9764773,-0.057573643,0.0,0.0,0.12025544,0.044756323,0.23317765,0.0780409,0.011454001,0.07652619,0.2341227,0.12025544,0.08546569,0.2193824,0.1621522,0.20030567,0.20030567,0.30327955,0.15305237,0.09185638,0.022378162,0.058530673,0.011454001,0.011454001,0.2479975,0.048041973,0.052995812,0.08353064,0.08353064,0.15898743,0.0815375,0.12247518,0.0815375,0.0,0.16961987,0.20030567,0.20485735,0.15661997,0.15661997,0.26451084,0.11226891,0.11446038,0.107306235,0.3243044,0.09274267,0.07652619,0.07652619,0.0,0.0,0.08353064,0.10975403,0.10975403,-0.6925666,-0.5093368,0.41992208,-0.6925666,-0.39692518,-0.68379915,-0.5093368,1.2812355,0.096609816,-0.47739494,-1.2386528,-0.6925666,2.8369105,2.8369105,-0.68379915,-0.47739494,-1.2386528,-0.49943012,-0.5093368,-0.68379915,0.096609816,-0.47739494,-1.2386528,2.8369105,1.2812355,0.9766248,-0.89070106,2.2061667,-1.083242,-1.331365,1.7119873,-0.81485325,-0.6529366,0.23338002,0.4106523,0.6608191,0.42798185,0.46928537,0.88467735,1.2159134,-0.26918274,0.0,0.0,0.0,0.0,0.0,0.0,0.0,0.0,0.0,0.0,-0.27784273,1.4118761,0.0,0.0,2.351891,-0.4506203,-0.060116,0.0,-0.4015199,0.0,0.0,0.0,0.0,0.0,0.0,0.0,0.0,0.0,0.0,0.0,0.0
district_SINGAPORE_RIVER_CENTRAL,level_2,53,125,-1.1340271,0.16552198,0.58375305,0.0,0.0,0.06281199,0.104466796,0.18086362,0.035030216,0.024678513,0.007851499,0.11209669,0.06281199,0.053708173,0.109606035,0.095905274,0.2055113,0.2055113,0.24343798,0.094217986,0.014660114,0.0080359075,0.07706647,0.024678513,0.024678513,0.17125942,0.008625839,0.0,0.059991036,0.059991036,0.39964223,0.21471845,0.21257165,0.27327803,0.0,0.14331721,0.2055113,0.21018128,0.089986555,0.089986555,0.26202697,0.109950855,0.11645641,0.0490423,0.21921207,0.3140046,0.007851499,0.007851499,0.0,0.0,0.059991036,0.09315619,0.09315619,-0.6925666,2.4048052,-0.81990206,-0.6925666,-1.4253265,-0.68379915,2.4048052,-0.18754606,-1.1995867,-0.47739494,-1.2386528,-0.6925666,2.0613782,2.0613782,-0.68379915,-0.47739494,-1.2386528,-0.77666354,2.4048052,-0.68379915,-1.1995867,-0.47739494,-1.2386528,2.0613782,-0.18754606,-1.5690638,1.2920884,1.5213279,0.2572195,-0.68230903,1.9593288,-1.2454922,-0.48968214,0.23338002,0.2315626,0.869073,0.42798185,1.2334661,0.88467735,2.1849864,-0.26918274,0.0,0.0,0.0,0.0,0.0,0.0,0.0,0.0,0.0,0.0,-0.2627701,-0.47084752,0.0,0.0,2.4127793,0.33716,-0.38303173,0.0,-0.4015199,0.0,0.0,0.0,0.0,0.0,0.0,0.0,0.0,0.0,0.0,0.0,0.0
district_CHANGI_EAST,level_2,53,125,0.59967554,2.0942245,-0.57063496,0.066150405,0.03456813,0.19927804,0.016996542,0.08500888,0.14818302,0.17398964,0.0,0.37045753,0.19927804,0.17850922,0.3332483,0.28978112,0.07244528,0.07244528,0.28454414,0.06642602,0.0,0.0,0.11854641,0.17398964,0.17398964,0.27529207,0.01824429,0.020125547,0.0,0.0,0.14087883,0.0825719,0.077518076,0.0825719,0.0,0.060625307,0.07244528,0.07409151,0.047582064,0.047582064,0.096986145,0.015503615,0.028978113,0.088909805,0.18835773,0.100627735,0.0,0.0,0.043353923,0.047000356,0.0,0.24250123,0.24250123,-0.6925666,-0.5093368,0.6769095,-0.6925666,0.7458455,-0.68379915,-0.5093368,1.6555481,1.998577,0.90224546,-1.2386528,-0.6925666,-0.61043406,-0.61043406,-0.68379915,0.90224546,-1.2386528,-0.49485728,-0.5093368,-0.68379915,1.998577,0.90224546,-1.2386528,-0.61043406,1.6555481,1.5695142,0.4074706,-0.8380327,-0.90582794,-0.3467522,-1.1982685,0.26153758,0.71121275,0.23338002,0.62935686,0.6608191,-0.567504,1.5609719,0.195725,2.1849864,-0.17362773,0.0,0.0,0.0,0.0,0.0,0.0,0.0,0.0,0.0,0.0,-0.27784273,4.0551157,0.0,0.0,-0.4212587,-0.4506203,-0.38303173,0.0,0.592859,0.0,0.0,0.0,0.0,0.0,0.0,0.0,0.0,0.0,0.0,0.0,0.0
district_ANG_MO_KIO_NORTH-EAST,level_2,53,125,0.6922891,0.12154573,-0.24997164,0.0,0.0,0.005974376,0.0061146966,0.035680052,0.04797945,0.012518945,0.041820634,0.026655251,0.005974376,0.02335298,0.036488205,0.031275604,0.015637802,0.015637802,0.0682453,0.023897504,0.57449275,0.58701086,0.015993152,0.012518945,0.012518945,0.031275604,0.0065635885,0.007240392,0.017118182,0.017118182,0.0,0.0,0.5410272,0.0,0.0,0.032715954,0.015637802,0.015993152,0.02282424,0.02282424,0.039876405,0.0055775996,0.041700806,0.0213242,0.057338607,0.0,0.059743762,0.041820634,0.0,0.0,0.017118182,0.010905318,0.010905318,-0.6925666,-0.5093368,0.77686244,-0.6925666,1.4082615,1.9544624,-0.5093368,-1.1219616,-0.2634037,-0.47739494,0.44949418,-0.6925666,-0.61043406,-0.61043406,1.9544624,-0.47739494,0.44949418,1.7197657,-0.5093368,1.9544624,-0.2634037,-0.47739494,0.44949418,-0.61043406,-1.1219616,-0.34054735,2.5614486,-0.8380327,-0.51782537,0.22063434,-1.1982685,2.6281073,-1.2369393,0.74681604,0.22327277,0.51454544,-0.66705316,-0.5444239,0.88467735,-0.030037206,0.2069016,0.0,0.0,0.0,0.0,0.0,0.0,0.0,0.0,0.0,0.0,-0.27784273,-0.47084752,0.0,0.0,-0.4212587,-0.4506203,-0.38303173,0.0,4.5195155,0.0,0.0,0.0,0.0,0.0,0.0,0.0,0.0,0.0,0.0,0.0,0.0
district_SENGKANG_NORTH-EAST,level_2,53,125,1.0710688,0.84038025,-0.474436,0.0,0.0,0.06407864,0.17488974,0.21867952,0.19059531,0.20140937,0.021359546,0.057178594,0.06407864,0.0,0.11181631,0.11181631,0.24226867,0.24226867,0.3485573,0.12815727,0.039881986,0.021861218,0.15247625,0.20140937,0.20140937,0.09318026,0.023466093,0.0,0.102001324,0.102001324,0.0,0.0,0.019940993,0.0,0.0,0.13646014,0.24226867,0.24777392,0.08160106,0.08160106,0.35641456,0.099704966,0.11181631,0.11435719,0.29817683,0.0,0.021359546,0.021359546,0.0,0.0,0.102001324,0.019494306,0.019494306,2.9965172,-0.5093368,-1.8362085,2.9965172,-1.8180727,-0.68379915,-0.5093368,-1.1219616,-1.1995867,5.69899,-1.2386528,2.9965172,-0.61043406,-0.61043406,-0.68379915,5.69899,-1.2386528,-1.207988,-0.5093368,-0.68379915,-1.1995867,5.69899,-1.2386528,-0.61043406,-1.1219616,-1.5690638,-0.89070106,2.8319817,-1.7022715,3.076557,-1.1982685,-1.6868387,2.3151095,-0.53677404,-0.36928597,0.7128827,0.42798185,1.5609719,-1.1821795,-0.72223204,-0.26918274,0.0,0.0,0.0,0.0,0.0,0.0,0.0,0.0,0.0,0.0,-0.27784273,-0.47084752,0.0,0.0,-0.4212587,-0.4506203,-0.38303173,0.0,-0.4015199,0.0,0.0,0.0,0.0,0.0,0.0,0.0,0.0,0.0,0.0,0.0,0.0
district_HOUGANG_NORTH-EAST,level_2,53,125,0.41796175,0.73929745,-0.057573643,0.0,0.0,0.02655999,0.10873522,0.24926163,0.118499935,0.027827427,0.10623996,0.118499935,0.02655999,0.051909596,0.092693605,0.069520205,0.16221382,0.16221382,0.390079,0.02655999,0.1239803,0.027183805,0.118499935,0.027827427,0.027827427,0.13904041,0.058358844,0.0643765,0.25367153,0.25367153,0.128753,0.06603163,0.1239803,0.06603163,0.0,0.12120309,0.16221382,0.16589992,0.10146861,0.10146861,0.33239356,0.04959212,0.20856062,0.1895999,0.18538721,0.0643765,0.18591993,0.10623996,0.0,0.0,0.25367153,0.048481233,0.048481233,0.04809882,0.05624403,-0.17829417,0.04809882,-0.12664552,0.26196617,0.05624403,-0.07033702,0.011306405,0.08213817,0.15128084,0.04809882,-0.19322573,-0.19322573,0.26196617,0.08213817,0.15128084,-0.14651895,0.05624403,0.26196617,0.011306405,0.08213817,0.15128084,-0.19322573,-0.07033702,-0.051817615,0.07543945,-0.10119587,-0.07941074,0.2659308,-0.041914888,0.21389373,-0.14366768,-1.05021,-0.37238818,-1.3696567,0.42798185,-0.07655832,-1.1821795,-0.72223204,-0.26918274,0.0,0.0,0.0,0.0,0.0,0.0,0.0,0.0,0.0,0.0,-0.27784273,-0.47084752,0.0,0.0,-0.4212587,-0.4506203,-0.38303173,0.0,-0.4015199,0.0,0.0,0.0,0.0,0.0,0.0,0.0,0.0,0.0,0.0,0.0,0.0
district_JURONG_EAST_WEST,level_2,53,125,-0.16176626,-1.2315055,-0.41030332,0.0,0.0,0.0,0.041326787,0.20669758,0.18015218,0.0,0.2018921,0.036030434,0.0,0.0,0.03522988,0.03522988,0.03522988,0.03522988,0.26356724,0.080756836,0.22618058,0.041326787,0.1080913,0.0,0.0,0.03522988,0.044360667,0.0,0.3470848,0.26995486,0.09786982,0.050193027,0.07539353,0.050193027,0.0,0.14740935,0.03522988,0.0,0.03856498,0.03856498,0.2021315,0.0,0.17614941,0.46839565,0.21137929,0.04893491,0.2018921,0.2018921,0.0,0.0,0.26995486,0.0,0.0,-0.6925666,-0.5093368,1.5067987,-0.6925666,-0.5869356,-0.68379915,-0.5093368,2.0398078,-1.1995867,-0.47739494,1.1538559,-0.6925666,-0.61043406,-0.61043406,-0.68379915,-0.47739494,1.1538559,0.14408,-0.5093368,-0.68379915,-1.1995867,-0.47739494,1.1538559,-0.61043406,2.0398078,0.45061487,-0.89070106,-0.8380327,0.13342339,0.7032233,0.1154251,1.566218,-1.3785528,0.23338002,-0.35486075,0.55669224,3.1655688,-1.7140886,0.88467735,-0.72223204,-0.26918274,0.0,0.0,0.0,0.0,0.0,0.0,0.0,0.0,0.0,0.0,0.25494364,-0.47084752,0.0,0.0,-0.4212587,-0.3082171,-0.38303173,0.0,-0.4015199,0.0,0.0,0.0,0.0,0.0,0.0,0.0,0.0,0.0,0.0,0.0,0.0
district_PASIR_RIS_EAST,level_2,53,125,0.7041888,1.6593597,-0.474436,0.006528552,0.0068232333,0.065557525,0.036903504,0.06432137,0.4416617,0.16141191,0.34089914,0.13454594,0.065557525,0.08007968,0.15729581,0.13441642,0.082937784,0.082937784,0.14977273,0.065557525,0.32131916,0.003354864,0.058498237,0.16141191,0.16141191,0.12869656,0.050416116,0.05164228,0.031306632,0.028175969,0.007944966,0.0040746154,0.04590274,0.0040746154,0.0,0.026924698,0.082937784,0.08482244,0.05009061,0.05009061,0.09298329,0.030601826,0.06577825,0.078972615,0.13727634,0.007944966,0.40645665,0.34089914,0.0,0.0,0.028175969,0.08675736,0.08675736,1.0014307,-0.025886474,0.39623064,1.0014307,-0.90816295,-0.68379915,-0.025886474,1.4614024,-0.5095508,-0.47739494,-1.2386528,1.0014307,0.8835297,0.8835297,-0.68379915,-0.47739494,-1.2386528,-0.6623649,-0.025886474,-0.68379915,-0.5095508,-0.47739494,-1.2386528,0.8835297,1.4614024,0.2945286,-0.89070106,1.5366249,-0.5132447,-0.5103127,1.3729966,-1.1285378,-0.13260187,1.0035341,-0.09682907,0.80585295,-0.41435254,-0.07655832,0.88467735,1.7004498,-0.26918274,0.0,0.0,0.0,0.0,0.0,0.0,0.0,0.0,0.0,0.0,2.1891904,1.6016399,0.0,0.0,1.3172338,-0.4506203,-0.38303173,0.0,-0.4015199,0.0,0.0,0.0,0.0,0.0,0.0,0.0,0.0,0.0,0.0,0.0,0.0
district_DOWNTOWN_CORE_CENTRAL,level_2,53,125,-1.1369575,0.2872382,2.507733,0.30630037,0.32012597,0.013191044,0.006915076,0.01564606,0.026699215,0.02730395,0.0035390607,0.031005539,0.013191044,0.018235307,0.031439472,0.021895345,0.023298893,0.023298893,0.04278929,0.009973716,0.003904752,0.00065857865,0.016938211,0.02730395,0.02730395,0.0322816,0.20500861,0.22341865,0.0027655507,0.0027655507,0.020275341,0.010798245,0.18082005,0.010798245,0.5053721,0.012920037,0.023298893,0.023828331,0.010140353,0.010140353,0.02093743,0.008410235,0.016000446,0.0086126495,0.03172018,0.014036775,0.0035390607,0.0035390607,0.46700367,0.4352574,0.0027655507,0.024371888,0.024078252,0.028237678,-0.25454548,-0.74871516,0.028237678,0.042218015,4.1230607,-0.25454548,-0.70489824,0.53482795,0.123687655,-0.35360232,0.028237678,-0.37670103,-0.37670103,4.1230607,0.123687655,-0.35360232,-0.3052576,-0.25454548,4.1230607,0.53482795,0.123687655,-0.35360232,-0.37670103,-0.70489824,0.75458443,-0.22667882,-0.52524185,-0.34051463,0.1516028,-0.29665628,-0.306769,0.4819078,3.5707142,6.09739,0.7401053,-0.60506964,0.18199888,0.88467735,2.5080106,6.427954,0.0,0.0,0.0,0.0,0.0,0.0,0.0,0.0,0.0,0.0,-0.2439383,1.02285,0.0,0.0,-0.05953454,1.2149292,-0.38303173,0.0,-0.4015199,0.0,0.0,0.0,0.0,0.0,0.0,0.0,0.0,0.0,0.0,0.0,0.0
district_ORCHARD_CENTRAL,level_2,53,125,-0.8109806,0.03411428,1.2250797,0.0,0.0,0.054648064,0.048940137,0.099076025,0.109717906,0.11451172,0.013662016,0.09752703,0.054648064,0.020026073,0.13112013,0.11324011,0.13708013,0.13708013,0.25638628,0.047817055,0.02550936,0.013982897,0.07314527,0.11451172,0.11451172,0.107280105,0.03752352,0.04139275,0.02609688,0.01957266,0.33942056,0.19530201,0.21045221,0.22077619,0.019333377,0.12468969,0.13708013,0.1401951,0.0652422,0.0652422,0.13678217,0.08290542,0.11920012,0.554685,0.17284016,0.26491362,0.013662016,0.013662016,0.017833434,0.0,0.01957266,0.049875878,0.049875878,0.0051499144,-0.1844682,0.37313476,0.0051499144,0.8467579,-0.68379915,-0.1844682,-1.1219616,-0.5133257,-0.47739494,1.1724409,0.0051499144,-0.61043406,-0.61043406,-0.68379915,-0.47739494,1.1724409,1.2674185,-0.1844682,-0.68379915,-0.5133257,-0.47739494,1.1724409,-0.61043406,-1.1219616,-0.53487974,-0.33575168,-0.8380327,0.18337177,1.7146814,-0.32151473,1.1580212,-0.70468175,1.2602521,0.12151186,0.62610996,-0.78872335,0.28733745,0.88467735,0.89288926,0.034338087,0.0,0.0,0.0,0.0,0.0,0.0,0.0,0.0,0.0,0.0,0.4334258,-0.47084752,0.0,0.0,-0.4212587,2.8849294,0.6047396,0.0,0.3578203,0.0,0.0,0.0,0.0,0.0,0.0,0.0,0.0,0.0,0.0,0.0,0.0
district_TAMPINES_EAST,level_2,53,125,0.1197076,1.6071509,0.13482437,0.0,0.0,0.008383675,0.025741747,0.13590106,0.31419837,0.20202607,0.15928982,0.044885483,0.008383675,0.04096323,0.08046166,0.07314696,0.043888178,0.043888178,0.21205488,0.01676735,0.45395958,0.3346427,0.09725188,0.20202607,0.20202607,0.08046166,0.055262998,0.050801195,0.07206439,0.07206439,0.050801195,0.031264376,0.3678638,0.031264376,0.0,0.0841672,0.043888178,0.044885483,0.048042927,0.048042927,0.15388297,0.015653778,0.12434984,0.17206101,0.16092332,0.040640954,0.18444084,0.15928982,0.0,0.0,0.07206439,0.03825782,0.03825782,0.24320102,-0.5093368,0.8083671,0.24320102,0.87996,1.447633,-0.5093368,-0.23620296,-0.17967995,-0.47739494,-0.3606215,0.24320102,-0.61043406,-0.61043406,1.447633,-0.47739494,-0.3606215,1.0845265,-0.5093368,1.447633,-0.17967995,-0.47739494,-0.3606215,-0.61043406,-0.23620296,0.27876943,0.57736135,0.09289782,0.18183042,-1.331365,-0.46779147,0.51059353,-0.058618773,0.74681604,-0.17725855,0.81205106,-0.2161562,0.33282423,0.88467735,-0.030037206,0.28702793,0.0,0.0,0.0,0.0,0.0,0.0,0.0,0.0,0.0,0.0,-0.1844089,-0.47084752,0.0,0.0,-0.4212587,-0.4506203,3.59581,0.0,0.79794157,0.0,0.0,0.0,0.0,0.0,0.0,0.0,0.0,0.0,0.0,0.0,0.0
district_GEYLANG_CENTRAL,level_2,53,125,-0.5779356,0.72387445,2.4756668,0.008342601,0.008719164,0.01675472,0.042870596,0.142946,0.16445613,0.021942815,0.13403776,0.04858931,0.01675472,0.028652662,0.051164307,0.036545932,0.105983205,0.105983205,0.23923646,0.03350944,0.15250938,0.030009417,0.05606459,0.021942815,0.021942815,0.080401056,0.023008905,0.020305172,0.112015724,0.112015724,0.54823965,0.25513342,0.2463613,0.27075383,0.0,0.1490931,0.105983205,0.10839154,0.052007303,0.052007303,0.17473528,0.058657452,0.105983205,0.06353987,0.15349293,0.32995903,0.13403776,0.13403776,0.0,0.0,0.112015724,0.0344061,0.0344061,-0.6925666,-0.5093368,-0.22948879,-0.6925666,-0.9261562,-0.68379915,-0.5093368,-0.037864048,-1.1995867,-0.47739494,0.9539593,-0.6925666,2.6880882,2.6880882,-0.68379915,-0.47739494,0.9539593,-0.22846138,-0.5093368,-0.68379915,-1.1995867,-0.47739494,0.9539593,2.6880882,-0.037864048,-1.5690638,-0.89070106,2.074748,0.9517419,-0.67404544,1.0873154,0.47349486,-1.2304993,0.49009803,1.0365684,0.60875565,-0.4845469,0.65123326,0.88467735,1.7004498,-0.18385322,0.0,0.0,0.0,0.0,0.0,0.0,0.0,0.0,0.0,0.0,-0.27784273,-0.47084752,0.0,0.0,4.4691234,-0.4221089,-0.21673444,0.0,-0.4015199,0.0,0.0,0.0,0.0,0.0,0.0,0.0,0.0,0.0,0.0,0.0,0.0
district_KALLANG_CENTRAL,level_2,53,125,-0.6622443,0.4104134,1.545743,0.0,0.0,0.0791503,0.07624405,0.11916802,0.06231823,0.048780784,0.0232795,0.17864558,0.0791503,0.077346794,0.15030286,0.10968047,0.17873853,0.17873853,0.32290494,0.0651826,0.039120186,0.019061012,0.091400065,0.048780784,0.048780784,0.186863,0.015345239,0.0056425203,0.02668079,0.02668079,0.3667638,0.20835322,0.25210786,0.30674222,0.0,0.106232986,0.17873853,0.18280013,0.10672316,0.10672316,0.1786878,0.07824037,0.16248958,0.045700032,0.20717421,0.31598112,0.0325913,0.0232795,0.0,0.0,0.02668079,0.09348503,0.09348503,-0.033348907,-0.06717309,0.06668967,-0.033348907,-0.056895997,-0.68379915,-0.06717309,1.0704287,1.0238516,-0.47739494,0.19068623,-0.033348907,-0.61043406,-0.61043406,-0.68379915,-0.47739494,0.19068623,-0.735616,-0.06717309,-0.68379915,1.0238516,-0.47739494,0.19068623,-0.61043406,1.0704287,1.5940386,-0.89070106,-0.18222259,-0.5590191,-0.6205408,-1.1982685,-0.13881952,1.0407856,1.0035341,0.115937896,0.6385061,-1.2566869,0.2509474,0.88467735,1.0947794,-0.19793908,0.0,0.0,0.0,0.0,0.0,0.0,0.0,0.0,0.0,0.0,-0.27784273,2.573043,0.0,0.0,-0.4212587,1.9035133,-0.38303173,0.0,-0.4015199,0.0,0.0,0.0,0.0,0.0,0.0,0.0,0.0,0.0,0.0,0.0,0.0
district_SEMBAWANG_NORTH,level_2,53,125,2.3393433,-0.092812434,-0.44236967,0.0,0.0,0.0,0.06088614,0.20301633,0.26541552,0.062327724,0.23795569,0.106166214,0.0,0.05813342,0.10380732,0.10380732,0.10380732,0.10380732,0.2912323,0.0,0.22215234,0.0,0.053083107,0.062327724,0.062327724,0.15571098,0.0,0.0,0.05681721,0.05681721,0.0,0.0,0.0,0.0,0.0,0.27147,0.10380732,0.106166214,0.11363442,0.11363442,0.24816445,0.055538084,0.15571098,0.21233243,0.20761465,0.0,0.47591138,0.23795569,0.0,0.0,0.05681721,0.054294005,0.054294005,0.04809882,0.05624403,-0.17829417,0.04809882,-0.12664552,0.26196617,0.05624403,-0.07033702,0.011306405,0.08213817,0.15128084,0.04809882,-0.19322573,-0.19322573,0.26196617,0.08213817,0.15128084,-0.14651895,0.05624403,0.26196617,0.011306405,0.08213817,0.15128084,-0.19322573,-0.07033702,-0.051817615,0.07543945,-0.10119587,-0.07941074,0.2659308,-0.041914888,0.21389373,-0.14366768,-1.05021,-0.37238818,-1.3696567,0.42798185,-0.07655832,-1.1821795,-0.72223204,-0.26918274,0.0,0.0,0.0,0.0,0.0,0.0,0.0,0.0,0.0,0.0,-0.27784273,-0.47084752,0.0,0.0,-0.4212587,-0.4506203,-0.38303173,0.0,-0.4015199,0.0,0.0,0.0,0.0,0.0,0.0,0.0,0.0,0.0,0.0,0.0,0.0
district_BUKIT_MERAH_CENTRAL,level_2,53,125,-1.3193944,-0.11094482,1.1288806,0.037304092,0.0,0.08428391,0.076678656,0.13582695,0.06685168,0.049058847,0.028094636,0.10863399,0.08428391,0.027454477,0.13073264,0.07353711,0.18792817,0.18792817,0.39733577,0.037459515,0.07868636,0.057508994,0.12534691,0.049058847,0.049058847,0.17158659,0.041153893,0.04539747,0.18783014,0.17888583,0.23833671,0.09312928,0.19234443,0.13969392,0.0,0.17948875,0.19609897,0.18384214,0.13416438,0.13416438,0.18751967,0.06994343,0.29414845,0.10027753,0.28597766,0.19293925,0.028094636,0.028094636,0.0,0.0,0.17888583,0.0512825,0.0512825,-0.6925666,-0.5093368,-1.8362085,-0.6925666,-0.23901308,1.88564,-0.5093368,-1.1219616,1.438128,0.54972,1.5679443,-0.6925666,0.15542036,0.15542036,1.88564,0.54972,1.5679443,-1.207988,-0.5093368,1.88564,1.438128,0.54972,1.5679443,0.15542036,-1.1219616,-0.05579646,-0.89070106,-0.16174017,0.9277844,-0.5983402,-0.6675993,1.393544,-0.6309681,0.74681604,-0.19596666,0.8368432,-0.2161562,-0.73157054,0.88467735,-0.030037206,0.40186504,0.0,0.0,0.0,0.0,0.0,0.0,0.0,0.0,0.0,0.0,-0.27784273,-0.3650249,0.0,0.0,0.3342346,-0.4506203,-0.38303173,0.0,-0.2605826,0.0,0.0,0.0,0.0,0.0,0.0,0.0,0.0,0.0,0.0,0.0,0.0
district_WOODLANDS_NORTH,level_2,53,125,2.0291717,-0.6087518,-0.50650233,0.38129964,0.3985105,0.012762942,0.013062706,0.010888942,0.034165855,0.013371988,0.025525885,0.05694309,0.012762942,0.0124721285,0.022271153,0.022271153,0.03340673,0.03340673,0.0624819,0.025525885,0.047661267,0.026125412,0.034165855,0.013371988,0.013371988,0.011135576,0.4486933,0.49496022,0.121897444,0.121897444,0.0,0.0,0.40512076,0.0,0.0,0.011648408,0.03340673,0.034165855,0.0,0.0,0.021296795,0.023830634,0.022271153,0.11388618,0.055677883,0.0,0.038288828,0.025525885,0.0,0.0,0.121897444,0.011648408,0.011648408,-0.6925666,-0.5093368,-0.07693705,-0.6925666,1.6164844,-0.68379915,-0.5093368,-1.1219616,1.5394641,-0.47739494,-1.2386528,-0.6925666,2.2207522,2.2207522,-0.68379915,-0.47739494,-1.2386528,0.76314616,-0.5093368,-0.68379915,1.5394641,-0.47739494,-1.2386528,2.2207522,-1.1219616,-1.5690638,2.6975195,1.6620644,-0.12901786,-1.331365,0.76349306,0.33009562,-0.8620718,-0.28005603,-0.37027696,1.0599724,-1.1363534,-1.168245,0.88467735,-0.72223204,-0.26918274,0.0,0.0,0.0,0.0,0.0,0.0,0.0,0.0,0.0,0.0,-0.27784273,-0.47084752,0.0,0.0,0.22378303,-0.4506203,-0.38303173,0.0,0.77439636,0.0,0.0,0.0,0.0,0.0,0.0,0.0,0.0,0.0,0.0,0.0,0.0
district_JURONG_WEST_WEST,level_2,53,125,0.003920861,-1.68419,-0.34617066,0.0,0.0,0.041223697,0.08438384,0.035170764,0.07356939,0.0,0.082447395,0.14713877,0.041223697,0.08056876,0.14386953,0.035967384,0.28773907,0.28773907,0.26908475,0.041223697,0.076971814,0.0,0.22070816,0.0,0.0,0.07193477,0.0,0.0,0.27560607,0.27560607,0.0,0.0,0.0,0.0,0.0,0.07524761,0.28773907,0.29427755,0.0,0.0,0.10318145,0.11545771,0.07193477,0.29427755,0.28773907,0.0,0.082447395,0.082447395,0.0,0.0,0.27560607,0.07524761,0.07524761,3.195927,-0.5093368,-1.8362085,3.195927,0.719068,-0.68379915,-0.5093368,-1.1219616,3.0385392,-0.47739494,-1.2386528,3.195927,-0.61043406,-0.61043406,-0.68379915,-0.47739494,-1.2386528,-1.207988,-0.5093368,-0.68379915,3.0385392,-0.47739494,-1.2386528,-0.61043406,-1.1219616,1.0861169,-0.89070106,-0.8380327,0.73201954,-1.331365,1.8371598,1.1642599,-2.3789196,-0.53677404,-0.37238818,1.2335173,0.42798185,-3.3516185,-1.1821795,-0.72223204,-0.16471757,0.0,0.0,0.0,0.0,0.0,0.0,0.0,0.0,0.0,0.0,-0.026715003,-0.47084752,0.0,0.0,-0.4212587,-0.4506203,-0.38303173,0.0,-0.4015199,0.0,0.0,0.0,0.0,0.0,0.0,0.0,0.0,0.0,0.0,0.0,0.0
district_BISHAN_CENTRAL,level_2,53,125,0.2775507,0.12519304,-0.41030332,0.0,0.0,0.11821295,0.024197884,0.22188227,0.042193472,0.0,0.04728518,0.2953543,0.11821295,0.13862325,0.22690791,0.16502394,0.20627992,0.20627992,0.40510398,0.09457036,0.06621724,0.024197884,0.16877389,0.0,0.0,0.22690791,0.0,0.0,0.090323105,0.090323105,0.0,0.0,0.022072414,0.0,0.0,0.12946789,0.20627992,0.18987063,0.045161553,0.045161553,0.23670626,0.11036207,0.16502394,0.06329021,0.2887919,0.0,0.07092777,0.04728518,0.0,0.0,0.090323105,0.19420184,0.19420184,-0.6925666,-0.067476794,-0.07467478,-0.6925666,1.5874346,-0.68379915,-0.067476794,-1.1219616,1.4870825,-0.47739494,0.61821157,-0.6925666,-0.61043406,-0.61043406,-0.68379915,-0.47739494,0.61821157,0.76568085,-0.067476794,-0.68379915,1.4870825,-0.47739494,0.61821157,-0.61043406,-1.1219616,-1.5690638,2.2190635,-0.8380327,0.0727323,1.4264659,-0.74656796,1.783695,-0.89108,0.74681604,-0.13723075,0.613714,0.42798185,1.3270391,0.88467735,0.66215765,-0.025090875,0.0,0.0,0.0,0.0,0.0,0.0,0.0,0.0,0.0,0.0,-0.27784273,-0.47084752,0.0,0.0,-0.4212587,-0.3953582,-0.38303173,0.0,3.2215657,0.0,0.0,0.0,0.0,0.0,0.0,0.0,0.0,0.0,0.0,0.0,0.0
district_BUKIT_TIMAH_CENTRAL,level_2,53,125,-0.26687533,-0.57811433,0.295156,0.0,0.0,0.08768994,0.07692816,0.12825309,0.10060382,0.06562463,0.050108537,0.21238583,0.08768994,0.122416936,0.24045639,0.17487738,0.17487738,0.17487738,0.3679649,0.08768994,0.07017101,0.02564272,0.17885123,0.06562463,0.06562463,0.2732459,0.041287802,0.045545187,0.19143243,0.19143243,0.015181729,0.0155720515,0.08186618,0.031144103,0.0,0.08003235,0.17487738,0.17885123,0.14357433,0.14357433,0.18812984,0.05847585,0.19673704,0.06706921,0.32789508,0.030363457,0.050108537,0.050108537,0.0,0.0,0.19143243,0.1486315,0.1486315,-0.6925666,-0.5093368,-0.035817266,-0.6925666,0.018711394,-0.68379915,-0.5093368,-1.1219616,-1.1995867,-0.47739494,3.4170823,-0.6925666,-0.61043406,-0.61043406,-0.68379915,-0.47739494,3.4170823,0.8092179,-0.5093368,-0.68379915,-1.1995867,-0.47739494,3.4170823,-0.61043406,-1.1219616,1.8190578,-0.89070106,-0.8380327,-0.8781625,0.28464916,-1.1982685,0.8524211,0.2247999,-0.023338001,-0.17123023,0.45256507,-0.567504,0.7422068,0.88467735,0.48910886,-0.26918274,0.0,0.0,0.0,0.0,0.0,0.0,0.0,0.0,0.0,0.0,-0.27784273,-0.47084752,0.0,0.0,-0.4212587,1.5253706,0.6742123,0.0,-0.4015199,0.0,0.0,0.0,0.0,0.0,0.0,0.0,0.0,0.0,0.0,0.0,0.0
district_CLEMENTI_WEST,level_2,53,125,-0.59703267,-0.9260686,-0.18583898,0.0,0.0,0.086756095,0.11099218,0.09252197,0.11612119,0.045448042,0.086756095,0.21288885,0.086756095,0.084779285,0.2081587,0.17031167,0.2081587,0.2081587,0.24775372,0.086756095,0.12149154,0.04439687,0.09676766,0.045448042,0.045448042,0.2081587,0.16679646,0.18399565,0.2692943,0.24857935,0.0,0.0,0.18223731,0.0,0.0,0.09897506,0.2081587,0.21288885,0.12428968,0.12428968,0.18095618,0.08099436,0.0946176,0.09676766,0.26492926,0.0,0.10844512,0.086756095,0.0,0.0,0.24857935,0.09897506,0.09897506,1.2130527,1.2407801,-0.61747676,1.2130527,-0.7259261,-0.68379915,1.2407801,0.6818183,0.62477195,-0.47739494,-1.2386528,1.2130527,-0.61043406,-0.61043406,-0.68379915,-0.47739494,-1.2386528,-1.207988,1.2407801,-0.68379915,0.62477195,-0.47739494,-1.2386528,-0.61043406,0.6818183,-0.4261053,2.098896,-0.8380327,0.68365616,-1.331365,2.0783858,-0.4595447,-1.2287271,-0.023338001,-0.35799205,1.0599724,-0.78872335,-0.07655832,0.88467735,-0.72223204,-0.12525673,0.0,0.0,0.0,0.0,0.0,0.0,0.0,0.0,0.0,0.0,0.10588133,-0.4655801,0.0,0.0,-0.4212587,-0.12758487,-0.38303173,0.0,-0.4015199,0.0,0.0,0.0,0.0,0.0,0.0,0.0,0.0,0.0,0.0,0.0,0.0
district_NOVENA_CENTRAL,level_2,53,125,-0.401474,0.21001928,0.64788574,0.0,0.0,0.090129994,0.06918516,0.11149932,0.3458263,0.30217913,0.09914299,0.16084944,0.090129994,0.06605723,0.16513933,0.121888556,0.141548,0.141548,0.27209666,0.022532498,0.15145953,0.06457282,0.11661584,0.30217913,0.30217913,0.1730031,0.0049509453,0.0,0.12481913,0.12051502,0.18568967,0.08963,0.13042349,0.095231876,0.0,0.09048525,0.141548,0.13672203,0.09899448,0.09899448,0.15791452,0.04207209,0.110092886,0.024127416,0.19659445,0.114690684,0.09914299,0.09914299,0.0,0.0,0.12051502,0.086372286,0.086372286,1.0052264,0.24809007,-0.30672428,1.0052264,-0.7103069,-0.68379915,0.24809007,0.38141713,-0.22461879,-0.47739494,-0.39359924,1.0052264,0.40418524,0.40418524,-0.68379915,-0.47739494,-0.39359924,-0.6324027,0.24809007,-0.68379915,-0.22461879,-0.47739494,-0.39359924,0.40418524,0.38141713,-0.17706767,-0.30330575,0.05793326,0.4234475,-0.26181424,2.4214444,-0.6606217,-1.328456,1.7736881,0.75349057,0.80754346,-0.18037108,0.14177883,0.88467735,0.5992308,-0.024105098,0.0,0.0,0.0,0.0,0.0,0.0,0.0,0.0,0.0,0.0,6.0140886,-0.47084752,0.0,0.0,1.5049173,-0.33674943,-0.38303173,0.0,-0.4015199,0.0,0.0,0.0,0.0,0.0,0.0,0.0,0.0,0.0,0.0,0.0,0.0
district_CHOA_CHU_KANG_WEST,level_2,53,125,0.8844871,-1.1370921,-0.44236967,0.08499815,0.08883475,0.0,0.0,0.018204974,0.42840835,0.055890806,0.42676145,0.01904037,0.0,0.020851867,0.018617317,0.018617317,0.009308659,0.009308659,0.052231032,0.010669037,0.4083794,0.01091962,0.009520185,0.055890806,0.055890806,0.009308659,0.14065501,0.15515862,0.030569635,0.030569635,0.0,0.0,0.12948616,0.0,0.0,0.038949415,0.009308659,0.009520185,0.0,0.0,0.017802812,0.0099604735,0.037234634,0.07616148,0.027925976,0.0,0.42676145,0.42676145,0.0,0.0,0.030569635,0.009737354,0.009737354,3.407545,-0.5093368,-0.58431405,3.407545,0.5809922,-0.68379915,-0.5093368,-1.1219616,0.6744144,-0.47739494,-1.2386528,3.407545,-0.61043406,-0.61043406,-0.68379915,-0.47739494,-1.2386528,0.19466747,-0.5093368,-0.68379915,0.6744144,-0.47739494,-1.2386528,-0.61043406,-1.1219616,-1.5690638,-0.89070106,1.1093217,1.9408846,-1.331365,0.47431433,-1.6868387,1.0218565,-0.023338001,-0.3661353,0.36579266,-0.78872335,-1.168245,0.88467735,-0.72223204,-0.11641022,0.0,0.0,0.0,0.0,0.0,0.0,0.0,0.0,0.0,0.0,0.27331638,-0.47084752,0.0,0.0,-0.4212587,-0.4506203,0.80442494,0.0,-0.4015199,0.0,0.0,0.0,0.0,0.0,0.0,0.0,0.0,0.0,0.0,0.0,0.0
district_SERANGOON_NORTH-EAST,level_2,53,125,0.41731763,0.5102458,-0.41030332,0.0,0.0,0.08598141,0.11000107,0.14671327,0.057542145,0.022521107,0.042990707,0.15344572,0.08598141,0.06301669,0.16879088,0.1312818,0.2625636,0.2625636,0.35077345,0.08598141,0.100338906,0.06600065,0.095903575,0.022521107,0.022521107,0.2250545,0.023615295,0.026050381,0.20529974,0.20529974,0.0,0.0,0.080271125,0.0,0.0,0.09809127,0.2625636,0.26853,0.16423978,0.16423978,0.23314245,0.14047447,0.18754542,0.057542145,0.24380904,0.0,0.06448606,0.042990707,0.0,0.0,0.20529974,0.07847302,0.07847302,-0.6925666,-0.5093368,0.14363094,-0.6925666,-1.8180727,-0.68379915,-0.5093368,1.8082933,-1.1995867,-0.47739494,0.53250057,-0.6925666,2.5368557,2.5368557,-0.68379915,-0.47739494,0.53250057,-1.207988,-0.5093368,-0.68379915,-1.1995867,-0.47739494,0.53250057,2.5368557,1.8082933,1.8336922,-0.89070106,1.9412013,-1.7022715,-1.331365,0.9825247,-1.6868387,0.62890476,-0.28005603,-0.33654058,0.8864276,2.6180518,1.5609719,-1.1821795,-0.72223204,-0.26918274,0.0,0.0,0.0,0.0,0.0,0.0,0.0,0.0,0.0,0.0,-0.27784273,0.26427907,0.0,0.0,0.20903094,-0.24187416,-0.38303173,0.0,-0.4015199,0.0,0.0,0.0,0.0,0.0,0.0,0.0,0.0,0.0,0.0,0.0,0.0
district_PUNGGOL_NORTH-EAST,level_2,53,125,1.333443,1.0367103,-0.57063496,0.0,0.0,0.11574118,0.0,0.1481201,0.25819516,0.0,0.28935295,0.20655614,0.11574118,0.11310392,0.2524584,0.2019667,0.050491676,0.050491676,0.1416548,0.11574118,0.32416335,0.0592298,0.10327807,0.0,0.0,0.050491676,0.0,0.0,0.11054312,0.11054312,0.0,0.0,0.054027226,0.0,0.0,0.15845098,0.050491676,0.051639035,0.0,0.0,0.14484803,0.0,0.050491676,0.20655614,0.2019667,0.0,0.4629647,0.28935295,0.0,0.0,0.11054312,0.05281699,0.05281699,-0.6925666,-0.5093368,0.08420886,-0.6925666,2.2131622,-0.68379915,-0.5093368,-1.1219616,2.2615495,-0.47739494,0.26131722,-0.6925666,-0.61043406,-0.61043406,-0.68379915,-0.47739494,0.26131722,0.9436983,-0.5093368,-0.68379915,2.2615495,-0.47739494,0.26131722,-0.61043406,-1.1219616,-0.4774895,0.5182539,-0.8380327,-0.39045897,1.9064865,-1.1982685,0.514843,0.5026928,0.23338002,-0.29925394,0.45256507,0.42798185,1.0151283,0.88467735,-0.72223204,-0.21059941,0.0,0.0,0.0,0.0,0.0,0.0,0.0,0.0,0.0,0.0,-0.27784273,-0.47084752,0.0,0.0,-0.4212587,0.6609716,-0.38303173,0.0,0.37955895,0.0,0.0,0.0,0.0,0.0,0.0,0.0,0.0,0.0,0.0,0.0,0.0
district_PIONEER_WEST,level_2,53,125,-0.3273439,-2.092794,-0.92336464,0.0,0.0,0.0,0.0,0.0,0.38173574,0.0,0.4278018,0.0,0.0,0.0,0.0,0.0,0.0,0.0,0.0,0.0,0.3993902,0.0,0.0,0.0,0.0,0.0,0.0,0.0,0.0,0.0,0.0,0.0,0.0,0.0,0.0,0.0,0.0,0.0,0.0,0.0,0.0,0.0,0.0,0.38173574,0.0,0.0,0.4278018,0.4278018,0.0,0.0,0.0,0.0,0.0,-0.6925666,5.429262,-1.8362085,-0.6925666,-1.8180727,-0.68379915,5.429262,-1.1219616,-1.1995867,-0.47739494,-1.2386528,-0.6925666,-0.61043406,-0.61043406,-0.68379915,-0.47739494,-1.2386528,-1.207988,5.429262,-0.68379915,-1.1995867,-0.47739494,-1.2386528,-0.61043406,-1.1219616,-1.5690638,-0.89070106,-0.8380327,3.1663105,-1.331365,-1.1982685,-1.6868387,2.3151095,-0.793492,-0.37238818,-1.3696567,0.42798185,-0.07655832,-1.1821795,-0.72223204,-0.26918274,0.0,0.0,0.0,0.0,0.0,0.0,0.0,0.0,0.0,0.0,-0.27784273,-0.47084752,0.0,0.0,-0.4212587,-0.4506203,-0.38303173,0.0,-0.4015199,0.0,0.0,0.0,0.0,0.0,0.0,0.0,0.0,0.0,0.0,0.0,0.0
district_YISHUN_NORTH,level_2,53,125,1.6552064,0.035885833,-0.57063496,0.0,0.0,0.0622213,0.04245513,0.24773121,0.12954961,0.10865082,0.04148087,0.20357795,0.0622213,0.14187492,0.21715057,0.14476705,0.19905469,0.19905469,0.3722997,0.0622213,0.058088996,0.021227565,0.111042514,0.10865082,0.10865082,0.19905469,0.20507331,0.2262194,0.11885375,0.09904479,0.0,0.0,0.19362998,0.0,0.0,0.11357555,0.19905469,0.20357795,0.09904479,0.09904479,0.27686703,0.09681499,0.07238352,0.055521257,0.25334233,0.0,0.0622213,0.04148087,0.0,0.0,0.09904479,0.11357555,0.11357555,-0.6925666,-0.5093368,1.3359342,-0.6925666,-0.23940732,-0.68379915,-0.5093368,2.3624213,0.043596912,2.055425,-1.2386528,-0.6925666,-0.61043406,-0.61043406,-0.68379915,2.055425,-1.2386528,-0.2915864,-0.5093368,-0.68379915,0.043596912,2.055425,-1.2386528,-0.61043406,2.3624213,0.07124781,-0.89070106,-0.8380327,0.6130098,0.47624144,-1.1982685,-1.6868387,2.3151095,0.23338002,-0.23519361,0.24431117,-0.41435254,-0.07655832,0.88467735,0.2468407,-0.2380518,0.0,0.0,0.0,0.0,0.0,0.0,0.0,0.0,0.0,0.0,-0.27784273,1.4623814,0.0,0.0,-0.4212587,-0.4506203,0.6887746,0.0,-0.4015199,0.0,0.0,0.0,0.0,0.0,0.0,0.0,0.0,0.0,0.0,0.0,0.0
district_MUSEUM_CENTRAL,level_2,53,125,-0.95842355,0.2102277,-0.63476765,0.0,0.0,0.0970023,0.0,0.124138966,0.043278504,0.050815616,0.0,0.17311402,0.0970023,0.09479202,0.25390145,0.21158454,0.08463381,0.08463381,0.35616127,0.0,0.04528004,0.049640298,0.17311402,0.050815616,0.050815616,0.21158454,0.05328449,0.058778908,0.18529163,0.18529163,0.35267344,0.18087034,0.2264002,0.18087034,0.0,0.044265747,0.08463381,0.08655701,0.09264582,0.09264582,0.12139665,0.04528004,0.16926762,0.21639252,0.21158454,0.17633672,0.0,0.0,0.0,0.0,0.18529163,0.13279724,0.13279724,-0.6925666,-0.5093368,3.1375341,-0.6925666,3.2562084,-0.68379915,-0.5093368,-1.1219616,-1.1995867,-0.47739494,-1.2386528,-0.6925666,-0.61043406,-0.61043406,-0.68379915,-0.47739494,-1.2386528,4.364725,-0.5093368,-0.68379915,-1.1995867,-0.47739494,-1.2386528,-0.61043406,-1.1219616,-1.5690638,-0.89070106,-0.8380327,3.1663105,-1.331365,-1.1982685,-1.6868387,2.3151095,-0.793492,-0.37238818,-1.3696567,-3.2221336,-0.07655832,-1.1821795,-0.72223204,-0.26918274,0.0,0.0,0.0,0.0,0.0,0.0,0.0,0.0,0.0,0.0,-0.27784273,-0.47084752,0.0,0.0,-0.4212587,-0.4506203,1.5610899,0.0,-0.4015199,0.0,0.0,0.0,0.0,0.0,0.0,0.0,0.0,0.0,0.0,0.0,0.0
district_SOUTHERN_ISLANDS_CENTRAL,level_2,53,125,-1.908364,-0.11500897,-0.378237,0.0,0.0,0.0,0.0,0.0,0.0220969,0.025945157,0.0,0.0441938,0.0,0.048398387,0.043211866,0.021605933,0.0648178,0.0648178,0.020205207,0.0,0.0,0.0,0.0,0.025945157,0.025945157,0.0648178,0.0,0.0,0.023651296,0.023651296,0.63023126,0.36939114,0.277426,0.36939114,0.0,0.09040385,0.0648178,0.0662907,0.023651296,0.023651296,0.0,0.046237666,0.0,0.0220969,0.043211866,0.45016518,0.0,0.0,0.0,0.0,0.023651296,0.045201924,0.045201924,0.04809882,0.05624403,-0.17829417,0.04809882,-0.12664552,0.26196617,0.05624403,-0.07033702,0.011306405,0.08213817,0.15128084,0.04809882,-0.19322573,-0.19322573,0.26196617,0.08213817,0.15128084,-0.14651895,0.05624403,0.26196617,0.011306405,0.08213817,0.15128084,-0.19322573,-0.07033702,-0.051817615,0.07543945,-0.10119587,-0.07941074,0.2659308,-0.041914888,0.21389373,-0.14366768,-1.05021,-0.37238818,-1.3696567,0.42798185,-0.07655832,-1.1821795,-0.72223204,-0.26918274,0.0,0.0,0.0,0.0,0.0,0.0,0.0,0.0,0.0,0.0,-0.27784273,-0.47084752,0.0,0.0,-0.4212587,-0.4506203,-0.38303173,0.0,-0.4015199,0.0,0.0,0.0,0.0,0.0,0.0,0.0,0.0,0.0,0.0,0.0,0.0
district_TENGAH_WEST,level_2,53,125,0.33270082,-1.3326926,-0.955431,0.0,0.0,0.0,0.0,0.0,0.29264978,0.0,0.32796538,0.0,0.0,0.0,0.0,0.0,0.0,0.0,0.0,0.0,0.3061842,0.0,0.0,0.0,0.0,0.0,0.0,0.0,0.0,0.0,0.0,0.0,0.0,0.0,0.0,0.29932553,0.0,0.0,0.0,0.0,0.0,0.0,0.0,0.29264978,0.0,0.0,0.65593076,0.32796538,0.0,0.0,0.0,0.0,0.0,0.04809882,0.05624403,-0.17829417,0.04809882,-0.12664552,0.26196617,0.05624403,-0.07033702,0.011306405,0.08213817,0.15128084,0.04809882,-0.19322573,-0.19322573,0.26196617,0.08213817,0.15128084,-0.14651895,0.05624403,0.26196617,0.011306405,0.08213817,0.15128084,-0.19322573,-0.07033702,-0.051817615,0.07543945,-0.10119587,-0.07941074,0.2659308,-0.041914888,0.21389373,-0.14366768,-1.05021,-0.37238818,-1.3696567,0.42798185,-0.07655832,-1.1821795,-0.72223204,-0.26918274,0.0,0.0,0.0,0.0,0.0,0.0,0.0,0.0,0.0,0.0,-0.27784273,-0.47084752,0.0,0.0,-0.4212587,-0.4506203,-0.38303173,0.0,-0.4015199,0.0,0.0,0.0,0.0,0.0,0.0,0.0,0.0,0.0,0.0,0.0,0.0
district_RIVER_VALLEY_CENTRAL,level_2,53,125,-0.9919485,0.08851144,-0.763033,0.0,0.0,0.09643746,0.0,0.28797093,0.0,0.0,0.0,0.08605299,0.09643746,0.0,0.1262115,0.08414099,0.16828199,0.16828199,0.5114595,0.14465618,0.0,0.0,0.17210598,0.0,0.0,0.16828199,0.0,0.0,0.09210635,0.09210635,0.058436643,0.05993905,0.04501638,0.05993905,0.0,0.0,0.16828199,0.17210598,0.13815951,0.13815951,0.28160945,0.13504913,0.2944935,0.043026496,0.37863448,0.058436643,0.0,0.0,0.0,0.0,0.09210635,0.04400799,0.04400799,0.04809882,0.05624403,-0.17829417,0.04809882,-0.12664552,0.26196617,0.05624403,-0.07033702,0.011306405,0.08213817,0.15128084,0.04809882,-0.19322573,-0.19322573,0.26196617,0.08213817,0.15128084,-0.14651895,0.05624403,0.26196617,0.011306405,0.08213817,0.15128084,-0.19322573,-0.07033702,-0.051817615,0.07543945,-0.10119587,-0.07941074,0.2659308,-0.041914888,0.21389373,-0.14366768,-1.05021,-0.37238818,-1.3696567,0.42798185,-0.07655832,-1.1821795,-0.72223204,-0.26918274,0.0,0.0,0.0,0.0,0.0,0.0,0.0,0.0,0.0,0.0,-0.27784273,-0.47084752,0.0,0.0,-0.4212587,-0.4506203,-0.38303173,0.0,-0.4015199,0.0,0.0,0.0,0.0,0.0,0.0,0.0,0.0,0.0,0.0,0.0,0.0
district_TANGLIN_CENTRAL,level_2,53,125,-0.6853055,-0.1427286,-0.15377265,0.0,0.0,0.062051617,0.11431625,0.15882148,0.055369847,0.0,0.062051617,0.18825747,0.062051617,0.12127544,0.2273863,0.1732467,0.21655838,0.21655838,0.40503752,0.074461944,0.08110281,0.025403611,0.11073969,0.0,0.0,0.28152588,0.01363427,0.015040165,0.059264813,0.059264813,0.13536148,0.09256109,0.11586116,0.10798793,0.0,0.10193924,0.21655838,0.22147939,0.15408851,0.15408851,0.2485008,0.069516696,0.16241878,0.044295877,0.28152588,0.10528115,0.062051617,0.062051617,0.0,0.0,0.059264813,0.14724557,0.14724557,-0.6925666,-0.5093368,1.4712039,-0.6925666,-0.118059546,-0.68379915,-0.5093368,1.3069174,-1.1995867,-0.47739494,1.2060783,-0.6925666,-0.61043406,-0.61043406,-0.68379915,-0.47739494,1.2060783,0.65901226,-0.5093368,-0.68379915,-1.1995867,-0.47739494,1.2060783,-0.61043406,1.3069174,1.9621917,-0.89070106,-0.8380327,-1.7022715,1.4780918,0.804806,0.22354217,-0.8063007,-0.28005603,-0.3723451,0.8864276,0.42798185,-3.3516185,0.88467735,-0.72223204,-0.26918274,0.0,0.0,0.0,0.0,0.0,0.0,0.0,0.0,0.0,0.0,0.102847844,-0.47084752,0.0,0.0,-0.4212587,0.3633354,-0.38303173,0.0,-0.4015199,0.0,0.0,0.0,0.0,0.0,0.0,0.0,0.0,0.0,0.0,0.0,0.0
district_SUNGEI_KADUT_NORTH,level_2,53,125,1.3724036,-1.0900937,-0.8912983,0.0,0.0,0.0,0.0,0.0,0.0,0.0,0.0,0.0,0.0,0.0,0.0,0.0,0.0,0.0,0.36438778,0.0,0.41693315,0.45708188,0.0,0.0,0.0,0.0,0.0,0.0,0.0,0.0,0.0,0.0,0.41693315,0.0,0.0,0.0,0.0,0.0,0.0,0.0,0.0,0.0,0.38964897,0.39850324,0.0,0.0,0.0,0.0,0.0,0.0,0.0,0.0,0.0,0.04809882,0.05624403,-0.17829417,0.04809882,-0.12664552,0.26196617,0.05624403,-0.07033702,0.011306405,0.08213817,0.15128084,0.04809882,-0.19322573,-0.19322573,0.26196617,0.08213817,0.15128084,-0.14651895,0.05624403,0.26196617,0.011306405,0.08213817,0.15128084,-0.19322573,-0.07033702,-0.051817615,0.07543945,-0.10119587,-0.07941074,0.2659308,-0.041914888,0.21389373,-0.14366768,-1.05021,-0.37238818,-1.3696567,0.42798185,-0.07655832,-1.1821795,-0.72223204,-0.26918274,0.0,0.0,0.0,0.0,0.0,0.0,0.0,0.0,0.0,0.0,-0.27784273,-0.47084752,0.0,0.0,-0.4212587,-0.4506203,-0.38303173,0.0,-0.4015199,0.0,0.0,0.0,0.0,0.0,0.0,0.0,0.0,0.0,0.0,0.0,0.0
district_OUTRAM_CENTRAL,level_2,53,125,-1.2798966,0.17104506,1.8984727,0.0,0.0,0.038640723,0.10647614,0.21808973,0.01591378,0.0062284083,0.011889454,0.13526714,0.038640723,0.07552053,0.1141081,0.08817444,0.21006264,0.21006264,0.43896776,0.083226174,0.022199677,0.012168702,0.14322403,0.0062284083,0.0062284083,0.20228255,0.019593045,0.018011149,0.036905326,0.031227585,0.21613379,0.12192982,0.13042311,0.14040403,0.0,0.14920397,0.212656,0.21483605,0.1391047,0.1391047,0.3000687,0.09989855,0.24896313,0.037132155,0.29305035,0.16210033,0.011889454,0.011889454,0.0,0.0,0.031227585,0.07867118,0.07867118,-0.6925666,1.2415136,-1.3035212,-0.6925666,-1.3662113,-0.68379915,1.2415136,-0.3335596,-0.4447822,0.6820707,1.7557257,-0.6925666,-0.61043406,-0.61043406,-0.68379915,0.6820707,1.7557257,-1.207988,1.2415136,-0.68379915,-0.4447822,0.6820707,1.7557257,-0.61043406,-0.3335596,0.08603066,2.100149,-0.8380327,-0.70043325,0.24286503,0.5915748,-1.1241671,0.4680002,0.49009803,0.88327354,0.8517185,-1.7620876,0.57845396,0.88467735,0.89288926,-0.110906236,0.0,0.0,0.0,0.0,0.0,0.0,0.0,0.0,0.0,0.0,-0.27784273,-0.47084752,0.0,0.0,-0.4212587,4.582801,-0.38303173,0.0,-0.4015199,0.0,0.0,0.0,0.0,0.0,0.0,0.0,0.0,0.0,0.0,0.0,0.0
district_PAYA_LEBAR_EAST,level_2,53,125,0.5267115,1.2949405,-0.955431,0.0,0.0,0.0,0.0,0.67651653,0.0,0.0,0.0,0.0,0.0,0.0,0.0,0.0,0.0,0.0,0.32349363,0.0,0.0,0.0,0.0,0.0,0.0,0.0,0.0,0.0,0.0,0.0,0.0,0.0,0.0,0.0,0.0,0.0,0.0,0.0,0.0,0.0,0.6615718,0.0,0.0,0.0,0.0,0.0,0.0,0.0,0.0,0.0,0.0,0.0,0.0,0.04809882,0.05624403,-0.17829417,0.04809882,-0.12664552,0.26196617,0.05624403,-0.07033702,0.011306405,0.08213817,0.15128084,0.04809882,-0.19322573,-0.19322573,0.26196617,0.08213817,0.15128084,-0.14651895,0.05624403,0.26196617,0.011306405,0.08213817,0.15128084,-0.19322573,-0.07033702,-0.051817615,0.07543945,-0.10119587,-0.07941074,0.2659308,-0.041914888,0.21389373,-0.14366768,-1.05021,-0.37238818,-1.3696567,0.42798185,-0.07655832,-1.1821795,-0.72223204,-0.26918274,0.0,0.0,0.0,0.0,0.0,0.0,0.0,0.0,0.0,0.0,-0.27784273,-0.47084752,0.0,0.0,-0.4212587,-0.4506203,-0.38303173,0.0,-0.4015199,0.0,0.0,0.0,0.0,0.0,0.0,0.0,0.0,0.0,0.0,0.0,0.0
district_TUAS_WEST,level_2,53,125,-0.27058476,-2.6580243,-0.859232,0.0,0.0,0.0,0.0,0.16245224,0.0,0.0,0.0,0.16990691,0.0,0.18607181,0.16613178,0.16613178,0.16613178,0.16613178,0.3107227,0.0,0.0,0.0,0.16990691,0.0,0.0,0.33226356,0.0,0.0,0.0,0.0,0.46151978,0.0,0.0,0.0,0.0,0.17378272,0.16613178,0.16990691,0.18185893,0.18185893,0.15886354,0.17776473,0.0,0.0,0.16613178,0.23075989,0.0,0.0,0.0,0.0,0.0,0.17378272,0.17378272,0.04809882,0.05624403,-0.17829417,0.04809882,-0.12664552,0.26196617,0.05624403,-0.07033702,0.011306405,0.08213817,0.15128084,0.04809882,-0.19322573,-0.19322573,0.26196617,0.08213817,0.15128084,-0.14651895,0.05624403,0.26196617,0.011306405,0.08213817,0.15128084,-0.19322573,-0.07033702,-0.051817615,0.07543945,-0.10119587,-0.07941074,0.2659308,-0.041914888,0.21389373,-0.14366768,-1.05021,-0.37238818,-1.3696567,0.42798185,-0.07655832,-1.1821795,-0.72223204,-0.26918274,0.0,0.0,0.0,0.0,0.0,0.0,0.0,0.0,0.0,0.0,-0.27784273,-0.47084752,0.0,0.0,-0.4212587,-0.4506203,-0.38303173,0.0,-0.4015199,0.0,0.0,0.0,0.0,0.0,0.0,0.0,0.0,0.0,0.0,0.0,0.0
district_WESTERN_WATER_CATCHMENT_WEST,level_2,53,125,0.39819252,-1.9286646,-0.666834,0.0,0.0,0.06362546,0.09767976,0.054283246,0.0,0.0,0.0,0.3406453,0.06362546,0.21761496,0.2775638,0.19429466,0.24980743,0.24980743,0.2855261,0.06362546,0.029699951,0.032559916,0.14193554,0.0,0.0,0.3053202,0.0,0.0,0.12153594,0.09115196,0.0,0.0,0.029699951,0.0,0.0,0.029034657,0.24980743,0.25548398,0.12153594,0.12153594,0.13271023,0.089099854,0.16653828,0.0,0.22205105,0.0,0.0,0.0,0.0,0.0,0.09115196,0.20324261,0.20324261,-0.6925666,-0.5093368,1.7195812,-0.6925666,-0.17115673,-0.68379915,-0.5093368,1.7515564,-1.1995867,-0.47739494,0.8416754,-0.6925666,-0.61043406,-0.61043406,-0.68379915,-0.47739494,0.8416754,0.6006995,-0.5093368,-0.68379915,-1.1995867,-0.47739494,0.8416754,-0.61043406,1.7515564,2.0177593,-0.89070106,-0.8380327,-1.7022715,1.390343,-1.1982685,0.16387449,0.7916087,-0.28005603,-0.35338724,0.7128825,-1.1363534,-0.07655832,-0.14875105,-0.72223204,-0.26918274,0.0,0.0,0.0,0.0,0.0,0.0,0.0,0.0,0.0,0.0,-0.27784273,0.41370183,0.0,0.0,-0.4212587,0.09552454,-0.38303173,0.0,-0.4015199,0.0,0.0,0.0,0.0,0.0,0.0,0.0,0.0,0.0,0.0,0.0,0.0
district_NEWTON_CENTRAL,level_2,53,125,-0.64499813,0.051934037,-0.7950993,0.0,0.0,0.0,0.15163076,0.0,0.06609905,0.07761044,0.0,0.0,0.0,0.0,0.0,0.0,0.12926081,0.12926081,0.0,0.0,0.0,0.0,0.0,0.07761044,0.07761044,0.0,0.0,0.0,0.0,0.0,0.62840915,0.36832318,0.27662393,0.36832318,0.0,0.0,0.12926081,0.1321981,0.0,0.0,0.123605676,0.0,0.0,0.0,0.0,0.35909095,0.0,0.0,0.0,0.0,0.0,0.0,0.0,0.04809882,0.05624403,-0.17829417,0.04809882,-0.12664552,0.26196617,0.05624403,-0.07033702,0.011306405,0.08213817,0.15128084,0.04809882,-0.19322573,-0.19322573,0.26196617,0.08213817,0.15128084,-0.14651895,0.05624403,0.26196617,0.011306405,0.08213817,0.15128084,-0.19322573,-0.07033702,-0.051817615,0.07543945,-0.10119587,-0.07941074,0.2659308,-0.041914888,0.21389373,-0.14366768,-1.05021,-0.37238818,-1.3696567,0.42798185,-0.07655832,-1.1821795,-0.72223204,-0.26918274,0.0,0.0,0.0,0.0,0.0,0.0,0.0,0.0,0.0,0.0,-0.27784273,-0.47084752,0.0,0.0,-0.4212587,-0.4506203,-0.38303173,0.0,-0.4015199,0.0,0.0,0.0,0.0,0.0,0.0,0.0,0.0,0.0,0.0,0.0,0.0
district_SELETAR_NORTH-EAST,level_2,53,125,1.4311715,0.50972474,-0.859232,0.0,0.0,0.31913528,0.0,0.09075873,0.0,0.0,0.0,0.28477052,0.31913528,0.0,0.27844325,0.27844325,0.0,0.0,0.2603916,0.0,0.0,0.0,0.0,0.0,0.0,0.46407208,0.0,0.0,0.0,0.0,0.0,0.0,0.0,0.0,0.0,0.0,0.0,0.0,0.2032017,0.2032017,0.088753805,0.0,0.092814416,0.0,0.0,0.0,0.0,0.0,0.0,0.0,0.0,0.29126653,0.29126653,0.04809882,0.05624403,-0.17829417,0.04809882,-0.12664552,0.26196617,0.05624403,-0.07033702,0.011306405,0.08213817,0.15128084,0.04809882,-0.19322573,-0.19322573,0.26196617,0.08213817,0.15128084,-0.14651895,0.05624403,0.26196617,0.011306405,0.08213817,0.15128084,-0.19322573,-0.07033702,-0.051817615,0.07543945,-0.10119587,-0.07941074,0.2659308,-0.041914888,0.21389373,-0.14366768,-1.05021,-0.37238818,-1.3696567,0.42798185,-0.07655832,-1.1821795,-0.72223204,-0.26918274,0.0,0.0,0.0,0.0,0.0,0.0,0.0,0.0,0.0,0.0,-0.27784273,-0.47084752,0.0,0.0,-0.4212587,-0.4506203,-0.38303173,0.0,-0.4015199,0.0,0.0,0.0,0.0,0.0,0.0,0.0,0.0,0.0,0.0,0.0,0.0
district_MARINA_SOUTH_CENTRAL,level_2,53,125,-1.2228498,0.4476161,-0.955431,0.0,0.0,0.0,0.0,0.2894276,0.0,0.0,0.0,0.0,0.0,0.0,0.0,0.0,0.0,0.0,0.55358875,0.0,0.0,0.0,0.302709,0.0,0.0,0.0,0.0,0.0,0.0,0.0,0.0,0.0,0.0,0.0,0.0,0.0,0.0,0.0,0.0,0.0,0.28303397,0.0,0.59196633,0.0,0.29598317,0.0,0.0,0.0,0.0,0.0,0.0,0.0,0.0,0.04809882,0.05624403,-0.17829417,0.04809882,-0.12664552,0.26196617,0.05624403,-0.07033702,0.011306405,0.08213817,0.15128084,0.04809882,-0.19322573,-0.19322573,0.26196617,0.08213817,0.15128084,-0.14651895,0.05624403,0.26196617,0.011306405,0.08213817,0.15128084,-0.19322573,-0.07033702,-0.051817615,0.07543945,-0.10119587,-0.07941074,0.2659308,-0.041914888,0.21389373,-0.14366768,-1.05021,-0.37238818,-1.3696567,0.42798185,-0.07655832,-1.1821795,-0.72223204,-0.26918274,0.0,0.0,0.0,0.0,0.0,0.0,0.0,0.0,0.0,0.0,-0.27784273,-0.47084752,0.0,0.0,-0.4212587,-0.4506203,-0.38303173,0.0,-0.4015199,0.0,0.0,0.0,0.0,0.0,0.0,0.0,0.0,0.0,0.0,0.0,0.0
district_MANDAI_NORTH,level_2,53,125,1.8208605,-0.0753053,-0.955431,0.0,0.0,0.0,0.0,0.13060273,0.13659589,0.16038457,0.0,0.0,0.0,0.0,0.1335609,0.1335609,0.1335609,0.1335609,0.4996082,0.0,0.0,0.0,0.13659589,0.16038457,0.16038457,0.2671218,0.0,0.0,0.0,0.0,0.0,0.0,0.0,0.0,0.0,0.0,0.1335609,0.13659589,0.29240933,0.29240933,0.12771763,0.14291315,0.40068266,0.0,0.2671218,0.0,0.0,0.0,0.0,0.0,0.0,0.0,0.0,0.04809882,0.05624403,-0.17829417,0.04809882,-0.12664552,0.26196617,0.05624403,-0.07033702,0.011306405,0.08213817,0.15128084,0.04809882,-0.19322573,-0.19322573,0.26196617,0.08213817,0.15128084,-0.14651895,0.05624403,0.26196617,0.011306405,0.08213817,0.15128084,-0.19322573,-0.07033702,-0.051817615,0.07543945,-0.10119587,-0.07941074,0.2659308,-0.041914888,0.21389373,-0.14366768,-1.05021,-0.37238818,-1.3696567,0.42798185,-0.07655832,-1.1821795,-0.72223204,-0.26918274,0.0,0.0,0.0,0.0,0.0,0.0,0.0,0.0,0.0,0.0,-0.27784273,-0.47084752,0.0,0.0,-0.4212587,-0.4506203,-0.38303173,0.0,-0.4015199,0.0,0.0,0.0,0.0,0.0,0.0,0.0,0.0,0.0,0.0,0.0,0.0
