poi_idx,0,1,2,3,4,5,6,7,8,9,10,11,12,13,14,15,16,17,18,19,20,21,22,23,24,25,26,27,28,29,30,31,32,33,34,35,36,37,38,39,40,41,42,43,44,45,46,47,48,49,50,51,52,53,54,55,56,57,58,59,60,61,62,63,64,65,66,67,68,69,70,71,72,73,74,75,76,77,78,79,80,81,82,83,84,85,86,87,88,89,90,91,92,93,94,95,96,97,98,99,100,101,102,103,104,105,106,107,108,109,110,111,112,113,114,115,116,117,118,119,120,121,122,123,124
0,-0.3023711,1.2142862,0.68037605,-0.06685449,0.007153526,-0.032189563,0.005675271,0.033466607,0.014693253,-0.042993553,-0.023417529,0.09081863,-0.014532138,-0.0066671316,0.13232145,0.03048003,0.09361574,0.059303626,0.32494926,0.035012737,0.025165148,0.08291178,0.000442862,-0.040732168,-0.042562842,0.13254409,-0.00013811141,0.002798006,0.15134034,0.14381167,0.12991121,0.06676311,0.018814713,0.026920492,0.0756049,-0.0108202845,0.087862425,0.040365115,-0.0063315025,0.04757756,0.109494984,-0.023133077,0.05460096,-0.025344094,0.19122916,0.042234372,-0.0017757006,0.023459844,-0.0064442772,0.0031624585,0.09655902,-0.003560543,0.035899095,-0.75121105,-0.47254556,-0.889795,-0.70570743,-0.3383364,1.7844186,-0.47415748,-1.126355,-0.192227,-0.57639503,1.0955375,-0.7396486,1.9239438,1.972092,1.8346264,-0.67051315,1.1185466,-0.21888588,-0.4569724,1.8582507,-0.13211685,-0.53818995,1.0907769,1.9436848,-1.1132723,-0.324889,-0.93122584,1.4525012,0.64337647,-1.2431313,0.536121,-0.6921489,0.21090057,0.55520445,-0.013655901,0.4526789,-0.54295737,1.2589145,0.8451767,0.45963362,0.22579679,-0.056199178,0.014652386,-0.00012415563,0.04882796,-0.03398615,-0.05677355,-0.04635527,0.0074343234,-0.022856116,0.031178974,0.14559013,-0.45576498,0.031249046,-0.028790798,1.9464213,-0.114081725,0.002003111,-0.037208684,-0.49858382,-0.024211675,-0.004786242,-0.0010722578,-0.06270756,0.05709853,-0.0021814257,-0.06571071,0.04102336,-0.0020034313,-0.017801479,0.009772629,0.04692047
1,-0.22979414,0.41219845,0.27954182,-0.05221449,-0.028959647,0.006197214,0.06296694,0.17004144,0.022339918,-0.06929131,0.015423713,0.09204214,0.0007894486,0.009724699,0.15834376,0.05307222,0.1207022,0.13370045,0.39020655,0.034327637,0.10281475,0.032343198,0.058184985,-0.053229235,-0.06984322,0.16771555,-0.021999236,-0.012014173,0.15368131,0.08919715,0.08822812,0.05485111,0.052876294,0.009216167,0.04393682,0.1372645,0.12909672,0.15379137,0.103798136,0.12613358,0.26984468,0.05186091,0.114308126,0.05388783,0.21628615,0.01875076,0.1418472,0.0888398,0.016682172,-0.0018107146,0.0448352,0.037564598,0.03908295,0.0237436,0.029194146,-0.1576133,0.024199903,-0.23751098,0.5298891,0.020285875,-0.010529384,-0.2457478,0.18477684,0.4002061,0.042348146,-0.14310375,-0.17129537,0.53077555,0.17052585,0.35827148,-0.06769621,0.04595513,0.5002432,-0.17225349,0.1668922,0.42675793,-0.21978092,0.026337862,0.19809258,0.040553175,-0.0697688,-0.20741977,0.23448765,-0.009817768,0.41737732,-0.32339033,-1.0285041,-0.13276906,-1.3690578,0.6252345,-0.04572391,-1.2726245,-0.60267794,-0.14728339,0.0260927,0.017463967,0.00043636514,0.0625217,-0.013208404,-0.02408272,-0.029944012,0.016204134,0.031143442,-0.00066931546,-0.63561505,-0.49213174,0.020952165,0.0269548,-0.28246582,-0.3506755,-0.5880685,-0.019048132,-0.22961512,0.0013331026,0.010944394,-0.0022062808,-0.03334672,0.049804743,-0.00331676,-0.0035409182,0.032232888,-0.01239711,-0.00018022954,0.0175848,0.06501501
2,-0.90576243,0.21080852,2.5130723,-0.091774166,-0.078260824,-0.044184655,0.0099619925,0.022743484,-0.0074485503,-0.059197076,-0.077358395,0.0627814,-0.0016465262,-0.022631526,0.12368171,0.042726837,0.094079845,0.07562716,0.19353032,-0.02747887,-0.040395916,-0.049249917,0.033819064,0.017237164,0.0055670813,0.0746555,-0.035275668,-0.042890877,-0.0776457,-0.01158661,0.27114218,0.124852955,0.086007014,0.16549775,-0.04884246,0.01823692,0.0846469,0.08523734,-0.061241727,-0.04191419,0.09105563,0.0200401,0.06305717,0.14590552,0.1373137,0.19936952,-0.0966855,-0.06584552,-0.018634373,-0.10102582,-0.041605115,0.04149442,0.027816013,0.0728195,-0.5790935,1.5187176,0.08223423,0.29809713,0.6736229,-0.59150314,0.6768688,-1.0568784,0.2517689,-0.68561316,0.06394912,-0.6227559,-0.63391584,0.6193196,0.18989871,-0.73710185,1.0746213,-0.5546359,0.65067005,-1.0515887,0.2180568,-0.7365355,-0.68353564,0.7304479,-0.15998188,0.19943932,-0.88290334,0.2867091,0.008703396,-0.6392269,0.15815383,0.19387579,1.2612659,0.051923364,0.6838584,0.9782043,-0.15295409,0.98920727,1.8697389,0.3861901,-0.08971068,-0.047215343,7.5366814e-05,-0.014479354,-0.06857076,-0.09120593,-0.09009597,-0.04273449,-0.035711445,-0.046427608,0.057231568,1.8225287,-0.06092616,0.021921605,-0.47135058,-0.6007031,4.2846045,-0.07315309,2.0260966,-0.07645583,-0.0059176013,-0.08299215,-0.079491146,-0.14128837,-0.0607906,-0.096744284,-0.03895265,-0.056078255,-0.06625323,-0.05609992,-0.007522881
3,-0.9551765,-0.569937,0.75223184,-0.0021350384,0.010237709,0.07437748,0.065607525,0.103394665,0.0143775195,-0.023100019,-0.039890487,0.104456946,0.080153,-0.009763021,0.16754991,0.12113034,0.10865924,0.11458476,0.2719041,0.037055306,0.1732198,0.20175348,0.041640516,0.017884143,0.0009002313,0.13538748,0.075562045,0.07449431,0.05545446,0.07384229,-0.012662623,0.030040752,0.24870889,-0.024246892,0.016846806,0.035471767,0.12625465,0.12664224,0.0014013546,0.05025324,0.15435717,0.09508407,0.10734955,0.035114687,0.14643624,-0.0018395036,-0.041159414,-0.02738911,0.014922302,-0.048480377,0.03297743,0.09758848,0.060947545,-0.8434489,-0.60086775,1.3048319,-0.8123075,0.88248265,1.082269,-0.5928762,0.43588006,-0.34262794,-0.4022944,0.14014734,-0.8836577,-0.6439663,-0.6770517,1.0865985,-0.3730126,0.16301583,1.221105,-0.57221437,1.0664978,-0.3698074,-0.3615672,0.16230848,-0.6764126,0.37018362,0.7343205,0.5494753,-0.7386679,-0.67066884,0.3804395,-1.4344164,1.2455673,0.041488573,1.7039455,-0.24394007,0.39552438,-0.5980135,0.78232634,0.8774103,-0.26896694,0.34807944,-0.04781124,0.0057507455,0.00011022331,0.015658855,-0.017478406,-0.038985528,-0.04311818,0.009152934,-0.019936673,-0.011913374,-0.007628888,1.0748479,-0.03873322,0.028415326,-0.7892057,0.4607562,0.4276956,-0.030267514,1.5674475,-0.021914944,-0.0021095034,-0.044792116,-0.029907584,-0.05846051,-0.0075977147,-0.047653496,-0.0057203174,-0.016073018,-0.018241614,-0.030205935,0.03007324
4,-0.81391084,0.737293,-0.0742553,0.014174014,0.015060067,0.09459974,0.05997735,0.15861718,0.07569285,-0.009457551,0.10434754,0.23460752,0.1586983,0.07619305,0.1792842,0.17876795,0.05945215,0.18339933,0.2326814,0.146213,0.08576979,0.13570157,0.0574719,0.0025995225,0.00988267,0.2343454,0.006745361,0.016753107,0.022464491,0.078433216,0.16834232,0.058605984,0.044293076,0.050380617,-0.02043368,0.1192414,0.21710888,0.1901755,0.12602209,0.14085245,0.218249,0.058927033,0.08304383,0.042787246,0.26496574,0.075492725,0.06031668,0.062296353,0.0023013838,-0.030070424,0.047489285,0.097366214,0.094686545,-0.6889281,-0.47259355,0.52973396,-0.6677391,-0.4584036,-0.62972593,-0.49566433,1.2271613,-0.012430675,-0.46388078,-1.1738534,-0.7602633,2.8212101,2.7664833,-0.613408,-0.5401228,-1.1803553,-0.37948722,-0.4319698,-0.6612348,0.018403769,-0.47959024,-1.2455976,2.7659805,1.1944311,0.9366421,-0.7833886,2.2893481,-1.2389055,-1.181494,1.6526848,-0.6850052,-0.725338,0.22106889,0.38889045,0.7089763,0.4242511,0.52473265,0.86103797,1.2390531,-0.2889319,-0.021321297,-0.0065633506,0.00016982917,-0.04702401,0.0045764744,0.01195965,0.013189003,-0.01468879,-0.013943449,0.024564996,-0.21991058,1.4666975,-0.0006920099,-0.017731804,2.3175268,-0.64544237,-0.043496802,0.006688401,-0.33104873,-0.04309675,-0.0027329568,-0.017645359,-0.0055928826,-0.026858129,0.02939473,-0.001064226,-0.0039354116,0.0011447817,0.038090557,0.003935516,-0.045875773
5,-1.099746,0.04652007,0.78272426,0.06476419,0.05600272,0.064593434,0.14142722,0.17628542,0.065663755,0.018142525,0.03205551,0.16289511,0.067561455,0.07710992,0.10577571,0.12306345,0.066915296,0.24035276,0.30289316,0.07675813,0.021118693,0.1107088,0.108291216,0.0376957,0.033605237,0.18026471,0.05562543,0.01857321,0.07803559,0.037231155,0.46734208,0.21335533,0.26101816,0.28021684,0.048440196,0.11177093,0.24615791,0.21946174,0.09337761,0.044116825,0.21438761,0.076856144,0.10283128,0.021728627,0.17579108,0.33039108,-0.0062576644,-0.0014807731,-0.002362812,-0.022518218,-0.012848146,0.052839726,0.11313309,-1.034553,2.2845607,-0.6308422,-1.0397762,-1.2744474,-0.7661757,2.2573054,-0.008587852,-0.842955,-0.50673395,-1.055608,-1.0646397,2.2604575,2.1770232,-0.7792797,-0.5522731,-1.0521935,-0.7563588,2.2722282,-0.8508608,-0.809466,-0.48125225,-1.1592461,2.1357133,0.043350667,-1.5838574,1.5330485,1.5667595,0.13774057,-0.53184897,1.8786,-1.2184299,-0.3652266,0.5177285,0.47383338,0.6122981,0.37289578,1.6791493,0.60152847,1.8113579,-0.2503808,0.00864777,-0.02572292,-0.00014407033,-0.031057954,-0.015794486,0.025649585,0.0134384,-0.0111925155,0.008615345,0.04268685,0.7879803,-0.21608348,-0.0018915236,-0.032546002,2.2622287,0.22662833,-0.81047904,0.025885552,-0.33807653,-0.0028062612,0.0036451658,-0.011321828,-0.02688238,0.012523204,0.01595141,-0.0054209977,-0.057145983,-0.020505935,0.0366427,-0.006873384,0.008567721
6,0.60059345,1.9517751,-0.393568,0.068434075,0.055984035,0.16488998,0.02116308,0.017146887,0.11554883,0.09468688,0.0022689588,0.3352911,0.19690822,0.1443761,0.36004898,0.27367008,0.07009627,0.033425868,0.18235916,0.0370321,-0.0052806363,0.030364573,0.09652798,0.1418123,0.116998285,0.24048147,-0.0036697965,0.016684473,-0.055179924,0.024002992,0.115409315,0.10438974,-0.013215333,0.06596276,0.02094677,0.010029994,0.066177614,0.047209963,-0.021808743,0.011847414,0.044128824,0.0116988225,0.021946173,0.0204634,0.11691126,0.06150556,-0.029803444,0.006787151,0.080908656,0.015115626,-0.009666899,0.2404703,0.22020829,-0.66966534,-0.45463324,0.51564044,-0.6544011,0.7697083,-0.63170314,-0.5068008,1.5368731,2.190736,0.8394607,-1.2541137,-0.67326343,-0.56275827,-0.60391533,-0.63818485,0.7987725,-1.2773705,-0.567033,-0.49273738,-0.64582825,2.226832,0.78099024,-1.2620624,-0.584003,1.4905347,1.5688064,0.42630646,-0.7683025,-0.80056125,-0.5101618,-1.1688424,0.1791271,0.74748266,0.40027615,0.5970402,0.65132356,-0.66023725,1.6404376,0.25998163,1.9261298,-0.1633725,-0.015774608,0.025601298,4.750109e-05,0.05239474,0.016473055,0.009482853,-0.021709425,0.01574321,-0.033952475,0.024265058,0.10984455,3.802942,0.02600228,0.060906064,-0.38701728,-0.38177627,-0.39937326,0.01222837,0.5296732,-0.015578032,-0.01037677,-0.029838085,-0.015500516,-0.02183675,0.017931446,0.012750313,0.028561309,0.0016820431,0.04208967,0.026543707,0.037640028
7,0.68604815,0.043296687,-0.072716966,0.05699624,0.059072584,-0.09006567,-0.022076577,-0.07210429,-0.061042875,-0.07161428,-0.062096108,-0.040337097,-0.047682125,-0.040875684,0.07623224,-0.053921673,0.10089396,-0.10277673,-0.033612356,-0.059093215,0.3995937,0.46024334,-0.034535587,-0.017638847,-0.036982857,-0.015319355,0.018724218,0.055286754,-0.020919137,-0.007735621,0.022411395,0.048267882,0.35702604,-0.01867276,0.06500182,-0.066734284,-0.06434359,-0.090748675,-0.06675991,-0.014669795,-0.05950989,0.026068814,-0.029194383,-0.023346402,-0.059057735,-0.033592954,-0.044957608,0.030019917,0.04357148,0.001091361,-0.05067776,0.033250116,-0.0044202507,-0.7200187,-0.40330487,0.77245754,-0.7054492,1.5046667,1.6436093,-0.47254142,-0.9719901,-0.03890924,-0.4915017,0.32328218,-0.7205534,-0.45135498,-0.48656535,1.6695708,-0.57107836,0.24611528,1.8170968,-0.47543016,1.654707,-0.000934951,-0.54141873,0.27279508,-0.4707695,-1.0962772,-0.5806601,2.643575,-0.62290746,-0.326971,0.12804805,-1.0703924,2.4235768,-1.1037031,0.9442849,0.14953774,0.30476433,-0.8883175,-0.15166429,0.83180916,0.009841558,0.22446899,0.017070085,0.05911199,6.291823e-05,0.12429938,0.023010649,-0.005615346,-0.07503623,0.0673855,0.01234078,0.027173176,0.23190764,-0.30785942,0.045931663,0.09553112,-0.41737285,-0.32571325,-0.07533566,0.005188063,4.0019855,0.0058609843,0.0051947264,0.023609802,-0.025365025,0.011947036,0.04510668,0.025809959,0.09056638,0.046954714,0.04247637,0.057075314,0.109140314
8,0.8610321,0.7691583,-0.46753922,0.055539563,0.045248568,-0.016684275,0.11467312,0.15229718,0.09971498,0.08924004,-0.032847863,0.02813777,0.021384014,-0.05026889,0.11107207,0.04630845,0.07316419,0.09668444,0.14457878,0.04857054,-0.026794516,0.0057697445,0.05596073,0.15057579,0.10745178,0.05772617,-0.01147089,0.038418494,0.012594003,0.06251569,0.010529593,0.05500005,-0.06284055,-0.012212633,0.01938887,0.03350243,0.12846822,0.11015813,-0.0026440183,0.057528853,0.27256063,0.06389928,0.04587155,0.07243523,0.1741505,-0.025002722,-0.01608364,0.045787774,0.04300181,0.01791139,0.06585084,0.051829986,0.025812149,2.4071426,-0.31023175,-1.6401094,2.4204273,-1.6056848,-0.5681555,-0.3479679,-0.72059894,-0.91197884,4.981443,-0.8612006,2.3941052,-0.5060128,-0.53072786,-0.6104916,4.832757,-0.894818,-1.0572366,-0.34860787,-0.5789137,-0.92242014,4.8844814,-0.89168465,-0.5090756,-0.8122213,-1.3430037,-0.79899675,2.3368483,-1.3275477,2.5187325,-0.89764607,-1.3747967,1.9386507,-0.5395458,-0.4243312,0.39332998,0.5125072,1.3465861,-0.90152454,-0.6412256,-0.2355661,0.08593668,0.076867476,0.0004503717,0.07934691,0.03122519,0.007479526,-0.035019122,0.053396203,0.048933495,0.027563967,-0.034665868,-0.45272145,0.038908392,0.04477325,-0.34537193,-0.3719932,-0.31997156,-0.00070206076,-0.4331549,0.015500173,0.013297354,0.016113669,-0.013707258,0.0066359416,0.041783884,0.09289198,0.061370037,0.03152035,0.07506561,0.053716272,0.054508977
9,0.40603864,0.6439394,-0.18466584,-0.015576839,0.017689824,-0.043541413,0.05330484,0.15705909,0.07217817,-0.0345321,0.09684123,0.076167606,-0.007914435,0.01717779,0.11088626,0.017176397,0.12084696,0.15585993,0.36400446,-0.015658654,0.13443789,0.022844527,0.06238603,-0.027571946,-0.016143233,0.119850405,0.05948385,0.067364454,0.18188071,0.17226094,0.1712427,0.07369429,0.06726359,0.07001568,0.051105417,0.07540117,0.11416959,0.09693369,0.027685426,0.044994976,0.2630002,0.04127961,0.14908987,0.17432992,0.14913684,0.06910178,0.17688234,0.11779408,0.025022063,0.0059973598,0.15458868,0.030800067,0.025422819,0.10289404,0.106791586,0.13717856,0.12989314,-0.08852922,0.31724548,0.04372126,0.009793505,-0.24947965,0.1000379,0.094162956,0.07778545,-0.11160426,-0.14233732,0.28970993,0.060413428,0.20314102,0.09769417,0.13187037,0.2687037,-0.26090765,0.067663625,0.08681837,-0.17129502,0.01072368,-0.23915616,0.03483849,-0.045433372,-0.14803575,0.637804,-0.04895763,0.38792977,-0.1960533,-0.9534804,-0.3024882,-1.2461638,0.14739075,0.071282506,-1.3127974,-0.66348207,-0.18815972,0.008621298,0.019428253,0.00036638955,0.08174674,0.0007877946,-0.011396356,-0.034436025,0.018498138,0.02259672,0.030140743,-0.14011566,-0.5620928,0.030422278,0.03795375,-0.18712258,-0.83467203,-0.6708504,0.0042015538,-0.17673025,-0.015130386,0.008997617,0.017681524,-0.013340209,0.03201676,0.026857778,-0.0045381486,0.07024768,0.022584409,0.011380106,0.043046713,0.023530826
10,-0.25962082,-1.3523823,-0.49995115,0.015432954,-0.001578182,0.02159769,0.07616363,0.2058894,0.21479395,-0.009144545,0.2374873,0.023619756,0.05425131,0.023059703,0.060756642,0.08965688,0.09850325,0.045439214,0.23832256,0.10739171,0.25817809,0.11069226,0.11861941,0.017531164,0.020117726,0.07189263,0.033318657,-0.0075159892,0.28777158,0.28575987,0.012168683,0.016613487,0.02674307,0.017929284,-0.038390085,0.12439191,0.06597116,0.030545592,0.043510705,0.07061022,0.19098176,0.022076812,0.19689238,0.43289006,0.2116231,0.022053275,0.20495597,0.20936453,-0.012419283,-0.031769753,0.27956375,0.025423378,-0.0030727088,-0.6846926,-0.47946727,1.6105912,-0.7170447,-0.6829922,-0.63301575,-0.48426595,1.994094,-1.3587301,-0.43973643,1.1182909,-0.737378,-0.61592335,-0.68087906,-0.60302144,-0.42165357,1.0723191,0.22855927,-0.4594626,-0.627627,-1.3622999,-0.4368164,1.0196533,-0.6647414,2.0469031,0.5173773,-0.7906854,-0.8490629,-0.1046512,0.890937,0.17136434,1.6263694,-1.4219983,0.25584832,-0.35743773,0.70601285,3.05968,-1.8680928,0.8669723,-0.7143268,-0.28883725,0.012891516,0.01205048,0.0003894129,-0.03643638,0.011027113,0.019927152,0.010363424,0.015426859,0.008094896,-0.0035031736,0.4028551,-0.4598557,0.0017548725,0.036455154,-0.46522644,-0.47187385,-0.44802517,0.017022222,-0.09308324,-0.0222705,0.0054533305,-0.040267974,0.027465735,-0.081075095,0.022915915,0.030651957,-0.024103373,0.016887888,0.04275103,-0.0016122907,-0.051736385
11,0.68096316,1.6902652,-0.19561286,0.00029326975,0.008051917,0.015889384,0.019931786,-0.029796777,0.3666028,0.05862461,0.29244086,0.09350978,0.04122308,0.03238928,0.18810254,0.093770914,0.07934557,0.036085814,0.15854564,0.0004090555,0.27786872,0.038544707,-0.012981499,0.11321304,0.08406913,0.06322157,0.030750163,0.04319721,-0.020866271,0.020740878,0.038163766,0.029425107,0.020785436,0.008723581,0.017402805,-0.050070338,0.029295795,0.02152799,-0.034270003,-0.0069939345,0.021977048,0.011738897,0.0021887496,0.03666753,0.0564505,-0.014412776,0.34866244,0.28749192,0.04463073,-0.011377737,-0.015675504,0.07532195,0.0626159,0.7769867,-0.032004237,0.32486105,0.7834048,-0.8772706,-0.60381716,-0.08511108,1.6086426,-0.22406867,-0.32783747,-1.1496145,0.73887527,0.77022743,0.7719655,-0.55644405,-0.30659375,-1.1002746,-0.7786171,0.0027275681,-0.67008525,-0.28050834,-0.29014403,-1.1111434,0.7395323,1.5829518,0.35584077,-0.8171642,1.4155159,-0.6504829,-0.4291091,0.94884443,-1.0780873,-0.030476302,1.1959573,0.13857105,1.0087972,-0.48811626,-0.08169337,1.155621,1.5718753,-0.10111292,-0.070262894,0.034576237,-0.00018911585,0.04259891,0.008607209,-0.014406621,-0.051106423,-0.0014352798,-0.058047242,0.014245436,2.1425865,1.7283982,0.014791213,0.05707284,1.1827912,-0.13501628,-0.466257,0.00066176057,-0.28039712,-0.020480454,-0.014614563,-0.033092096,-0.025952145,-0.030803762,0.005831942,-0.045749202,0.02973295,-1.0222197e-05,0.007752225,0.019754812,0.018772498
12,-1.114843,0.3096243,2.3427918,0.06645664,0.12904388,-0.20880306,-0.08708231,-0.16178782,-0.04870242,-0.0829577,-0.07553074,-0.16093305,-0.1190304,-0.10506557,-0.080070585,-0.088756315,0.06827343,-0.028459907,-0.10209891,-0.14853364,-0.13482341,-0.21120907,-0.034759622,0.06684425,0.070493005,-0.024767429,0.07701791,0.04036961,-0.1550667,-0.1397255,0.030232126,-0.06964771,-0.0168446,0.085467555,0.33866253,-0.094760396,-0.09596698,-0.110457234,-0.104340784,-0.26944,-0.07339726,-0.09365903,-0.07783918,-0.016668636,-0.03219565,-0.09620139,-0.0774232,-0.116263,0.22591186,0.2257447,-0.18507648,-0.032895297,0.024166979,-0.06485295,-0.25411767,-0.8557115,-0.05145389,-0.4105158,3.5642362,-0.31251207,-0.6351493,0.325553,-0.032395512,-0.26093483,-0.069164515,-0.33281207,-0.35218364,3.594272,-0.045157403,-0.27165616,-0.5960072,-0.13744408,3.5759091,0.36123845,-0.009792432,-0.28372103,-0.31991553,-0.6668011,0.9296015,-0.3151418,-0.5359493,-0.68185085,-0.12698844,-0.2702451,-0.45035133,0.30717453,2.9872394,5.5281897,0.5363908,-0.36601892,0.17958517,0.6403026,2.2439666,5.8836627,-0.012626916,-0.13964574,0.00033962168,-0.0038209856,-0.12785222,-0.14010125,-0.09394667,-0.10847977,0.019500297,-0.09309171,-0.122869164,0.8151504,-0.102585755,0.031751633,-0.19389185,1.0965475,-0.3241392,-0.09976865,-0.5002473,-0.071124256,0.006930584,-0.032245412,-0.125346,-0.3216917,-0.108703345,-0.0771323,-0.103349686,-0.10520442,-0.114473864,-0.09486736,0.009607449
13,-0.83691084,0.020963177,1.6627659,-0.038039014,0.0018460155,0.031402603,0.0068675503,0.022564659,0.08117996,0.093378976,-0.014895085,0.046347093,-0.010315623,-0.012959637,0.14491622,0.063732065,0.10263321,0.038652048,0.19961298,0.007739868,0.03594964,-0.05653031,0.068295404,0.027035762,0.027912043,0.042747006,0.026772823,0.016995333,0.024939708,-0.0011279806,0.3210369,0.2084792,0.18808885,0.16714424,0.04402768,0.09492183,0.06579095,0.07655884,0.028036136,0.079455465,0.063703924,0.0901071,0.09595256,0.48578298,0.14693516,0.2763022,0.040066805,0.0741832,0.06577857,0.016771063,-0.011008535,0.0068072826,-0.03331463,-0.03147772,-0.36641318,0.40546393,-0.013940632,0.80404776,-0.6545417,-0.3600535,-1.232772,-0.6090902,-0.50414896,1.5836375,-0.023306102,-0.7531358,-0.74209064,-0.55625176,-0.5739828,1.5982189,1.2966869,-0.3301251,-0.5828919,-0.56106305,-0.58547634,1.6290538,-0.7569671,-1.2370498,-0.48604545,-0.5158765,-0.87912536,0.21455882,1.672646,-0.635558,0.9356518,-0.27132115,1.3985783,0.49331588,0.5289267,-0.7279202,0.47302455,1.1139698,0.6352318,0.26236066,-0.011615723,-0.004923776,-4.5557827e-05,0.01678744,-0.021253765,-0.0305342,-0.04571958,0.02375707,0.014720328,-0.0055167973,0.5495647,-0.41611087,-0.005441256,0.012378097,-0.3276948,2.9060533,0.39349595,-0.019368336,0.25734043,-0.029124364,0.006162027,-0.016766548,-0.008738019,0.049903195,-0.012029767,-0.035034597,0.015604988,0.0049597323,-0.029657885,0.0042877793,0.034651548
14,-0.15969369,1.7109615,0.3510994,-0.06515339,-0.040115327,-0.09839827,-0.0051483363,-0.0013440335,0.22760156,0.111236185,0.07297573,-0.04446825,-0.071788594,-0.0151356775,0.10774582,0.01296271,0.10351625,0.0050171763,0.1513687,-0.103161775,0.36676922,0.21638836,0.039953213,0.19884011,0.18868051,0.053908214,0.04971821,0.018091425,-0.008306498,0.027236909,0.15352723,0.09548386,0.28094542,0.12801486,0.018167362,0.025460668,-0.022202298,-0.034841336,-0.0468478,-0.07037382,0.08025072,0.016976561,0.08012539,0.18719478,0.15989208,0.052184176,0.12840548,0.11162387,0.009445072,-0.05734785,-0.027495764,0.029233456,0.030607402,0.14600052,-0.56543744,1.1138443,0.17049864,0.8281448,1.460619,-0.6796044,-0.5011396,-0.5934597,-0.4298197,-0.2229503,0.12036544,-0.50365984,-0.6124056,1.4360046,-0.46071762,-0.20037359,1.4623305,-0.47066006,1.3999823,-0.48488224,-0.4137984,-0.30223674,-0.5924769,-0.4727564,0.23864827,0.7054226,0.15250242,-0.019600242,-1.3783193,-0.5780654,0.4479709,0.037390247,0.71771353,0.04374919,0.82257944,-0.21233577,0.6161923,0.7853813,0.2426157,0.4420455,-0.05239351,-0.02688551,-0.00010665695,0.10003209,-0.03945288,-0.06886225,-0.080383934,-0.0014896393,-0.013150327,-0.01933162,0.07998226,-0.08816971,0.011566408,0.12456727,-0.58107436,-0.5965821,3.4136574,-0.023446329,1.2405382,-0.039643228,-0.0022918172,-0.00791803,-0.038211755,-0.11978931,-0.032751426,-0.07434413,0.040896565,-0.021537066,-0.07135822,0.004061058,0.07911066
15,-0.47379756,0.5443831,2.0606713,-0.007560745,0.017095536,-0.0046652406,0.019990403,0.08421159,0.13714921,-0.060770378,0.09834291,0.041779257,-0.0011926517,-0.008311767,0.014736295,0.022132166,0.08053379,0.019138977,0.1261191,-0.0033464432,0.090688944,0.12502506,0.0015552811,-0.06764824,-0.069912896,0.036698237,0.0038709342,0.024202399,0.028435744,0.091762505,0.43202248,0.20071048,0.15283321,0.13167536,-0.0041915476,0.026873581,0.07493868,0.05252695,-0.03765523,0.045767557,0.08409034,-0.01725075,0.029958688,-0.004076056,0.03672999,0.24631277,0.06497519,0.08696063,0.042955644,-0.019917652,0.057816017,-0.026497528,-0.020828366,-0.7307384,-0.45503837,-0.09110193,-0.71889395,-0.9370431,-0.3712451,-0.47656968,-0.1603603,-1.2512434,-0.6250537,1.0500195,-0.73399353,2.593039,2.5795543,-0.5340721,-0.71318793,0.9873698,-0.025730446,-0.4799129,-0.46556407,-1.2321614,-0.57525796,0.9515699,2.5469873,-0.24832785,-1.6373386,-0.9372641,2.178531,1.0301374,-0.7477137,0.9281397,0.51730126,-1.2377694,0.50291735,0.8469811,0.27477717,-0.5989478,0.6713279,0.77179617,1.679449,-0.24536093,-0.024475172,0.011156306,4.554051e-05,-0.06750402,-0.026910007,-0.028907686,-0.03811595,-0.015374124,-0.0004979074,6.0081482e-05,0.15051948,-0.42115292,-0.025419496,-0.059664216,3.982416,-0.6560683,-0.41512966,-0.038738653,-0.3670462,-0.06546916,0.0020713871,-0.09209135,-0.026845217,0.0012715757,-0.020801187,-0.021327361,-0.03721416,-0.03326209,0.017568648,-0.029270291,-0.051815182
16,-0.8323956,0.20138928,1.043999,-0.023014918,-0.0002734363,0.007263534,0.053333577,0.009815609,-0.029870123,-0.05887664,-0.026051495,0.111119695,0.031064974,0.037492175,0.16945979,0.072110325,0.10564233,0.14264317,0.20898229,-0.018910997,-0.008395057,-0.014004022,0.05784854,-0.048952855,-0.06733614,0.14320624,-0.038428366,-0.030899674,-0.015983135,0.006442055,0.27966398,0.20833585,0.111562446,0.23708554,0.07684045,0.04476936,0.16774806,0.15501758,-0.0009652404,0.07067749,0.10057347,0.08291088,0.105322056,-0.01537271,0.15964371,0.2535734,-0.0072283037,0.013454229,0.04753418,-0.032992765,-0.02298732,0.056094088,0.035146277,0.30474067,-0.29515952,-0.122501716,0.3094375,0.1287421,-0.31943104,-0.3232641,0.77193433,1.535725,-0.48328537,0.2061833,0.27716988,-0.4944558,-0.5395019,-0.3744841,-0.67385054,0.15215369,-0.76201,-0.32661337,-0.28221205,1.6192037,-0.511422,0.060793176,-0.55480504,0.7288246,1.952199,-1.0128207,-0.084154114,-0.9085488,-0.648522,-0.9253092,0.21428776,0.6651016,0.9601149,0.13114886,0.61368155,-1.3091478,0.16433936,0.31546444,1.1624519,0.041015044,-0.02730669,-0.0005553663,0.00014337865,0.043543957,-0.010927662,-0.016302973,-0.059130915,0.030700505,-0.01838345,0.032743387,-0.53606164,2.7007313,0.02137918,0.026549738,-0.4386141,1.6277117,-1.146421,-0.01323802,-0.41371945,-0.04743436,-0.0043105166,-0.015738904,-0.068177275,0.018010698,0.0056526214,-0.0028271526,0.045454413,-0.004261762,0.019928962,0.010738865,0.07031866
17,2.184043,-0.19129129,-0.6618315,0.017139778,0.011714682,-0.04049123,0.005552899,0.12878749,0.18043663,-0.0009984449,0.18137853,0.08459598,-0.018352617,0.01676885,0.12115776,0.050722316,0.12086006,0.06362279,0.2693748,-0.04035011,0.16533515,-0.005537927,0.0019384063,0.032773506,0.01983941,0.11920185,0.026758257,0.014636695,0.0293415,-0.000844609,0.042470377,0.0025184602,0.01028575,0.0087141,0.009850465,0.17433341,0.0454257,0.03871791,0.059231192,0.06586236,0.1577272,0.030762194,0.0902072,0.12890066,0.12191585,-0.011086643,0.37337047,0.18944688,0.004246814,0.0049408376,-0.015003514,0.046285972,0.058427773,-0.077622354,0.06177798,-0.070177644,-0.105626136,0.13709065,0.1896384,0.08214316,-0.112156324,0.33839396,0.24137078,0.15741052,-0.11829531,-0.42864734,-0.35200694,0.21998435,0.18714102,0.097570285,-0.08799882,0.10100102,0.24583724,0.27722713,0.27033132,0.14508909,-0.42803076,-0.07626477,-0.21422252,0.09747157,-0.3048324,-0.0055402964,0.59964055,-0.43291163,0.11930402,0.21832398,-0.92660517,-0.2027434,-1.174706,0.32776383,-0.2000104,-0.8807656,-0.80860037,-0.07734726,0.009228304,0.03319128,0.00048852054,0.04986059,0.004332155,-0.0039016008,-0.023947561,-0.0017329603,0.020415459,0.013853416,-0.33610737,-0.34985146,0.00889346,0.025244549,-0.5455408,-0.4880814,-0.41978672,0.0038423017,-0.2456555,-0.0067084283,0.010929682,0.0067867637,-0.018590227,0.006258391,0.006030217,-0.012299895,0.02999705,0.009231165,0.003973648,0.02530025,0.009117603
18,-1.2302126,-0.21433592,1.473275,-0.017528161,-0.045855537,0.035938278,0.007834163,0.052996635,0.047246233,-0.008903787,-0.011346746,0.031866312,0.007811401,-0.00033940747,0.09533111,-0.0154061895,0.09851717,0.12740614,0.36250284,-0.011820897,0.111104,0.06456937,0.09470863,0.010189727,-0.006960176,0.12351868,0.043885868,0.041886028,0.1348843,0.09467645,0.28388357,0.092620164,0.17436819,0.103606544,0.01055979,0.10913335,0.09780084,0.11944881,0.063866414,0.09545863,0.10778554,0.0225566,0.23073879,0.079984926,0.22741956,0.19426301,0.0075993296,0.0371582,0.041501172,0.022192322,0.10128292,0.011673942,0.025737789,-0.7429381,-0.42553675,-1.8277102,-0.7260593,-0.40188164,1.8051888,-0.40355894,-1.1743777,1.2556813,0.32695195,1.8547997,-0.71663904,0.26710296,0.24684906,1.9050769,0.32040977,1.8968477,-1.2130425,-0.40945128,1.8784763,1.2627575,0.34224328,1.8529248,0.2760326,-1.1537228,-0.05434625,-1.0050879,-0.15911768,1.0881202,-0.6836966,-0.5640727,1.598689,-0.8258945,0.90424067,0.05887721,0.85027575,-0.36481848,-0.8177342,0.9441161,0.11268461,0.48023403,-0.044972688,0.007142052,5.0792325e-05,0.047868177,-0.020575985,-0.047969542,-0.020192558,-0.0029800236,-0.016312584,-0.01031822,-0.2446359,-0.3383454,-0.0060715303,-0.0005446933,0.7225485,-0.36334544,-0.40943757,-0.039468423,-0.18337056,-0.016893357,-0.0036562476,-0.0290488,-0.02230002,0.06108354,-0.035801068,-0.056272924,0.0052811205,-0.015848055,-0.037715003,0.0017305613,0.0573961
19,2.0374959,-0.68456936,-0.620708,0.32995665,0.38767952,0.037691444,0.04998602,0.017208561,0.07682264,-0.013408497,0.05231694,0.070132256,0.04962852,0.04363511,0.0575756,0.086796954,0.09630401,0.07594615,0.11880061,0.0460044,0.090009585,0.07970253,0.04017788,0.027365256,0.03322545,0.032166176,0.44410703,0.4871675,0.15564652,0.14481317,-0.030232381,0.027114414,0.436302,0.0118244495,-0.0018593371,0.030347407,0.083557,0.08120762,-0.011986355,0.015550077,0.016027246,0.049427178,-0.0016441643,0.12533052,0.077789396,0.014659774,0.076587796,0.040697373,0.04619866,-0.026397586,0.12363144,0.038578227,0.039347276,-0.69191545,-0.5548747,0.16887869,-0.6527341,1.3592151,-0.58966553,-0.56128764,-0.9905159,0.8725957,-0.5277652,-1.168655,-0.7277777,2.4562724,2.426979,-0.5710917,-0.53158224,-1.0905304,0.8741422,-0.48181865,-0.62504745,0.91797304,-0.5413848,-1.1152995,2.3885295,-0.9305955,-1.3310312,2.3669915,1.7730875,-0.42551565,-1.2177579,0.86758626,0.5411971,-1.135259,-0.23375255,-0.38260913,1.5499612,-1.0463319,-1.1545869,1.0694677,-0.4742868,-0.39197046,-0.013007134,0.014323264,0.0001935346,0.0018527061,0.0017599612,-0.0020075217,0.009146649,0.015570313,0.010971155,0.012171581,-0.83397114,-0.588219,0.016085848,0.058864415,0.7652043,-0.59382063,-0.4687663,0.017367072,0.8797322,-0.008817539,0.009312632,-0.030959502,0.019982763,-0.087813,0.0029957294,-0.0119392425,-0.006472677,-0.015208006,-0.0048764646,-0.013237581,0.0030753613
20,0.09847915,-1.7612131,-0.60784906,0.07826849,0.062720194,0.026554428,0.1190265,0.083922826,0.12247849,0.058481798,0.12566678,0.2200149,0.08957575,0.12192117,0.19097254,0.07013003,0.096152686,0.28307778,0.25726286,0.056199603,0.08585772,-0.039274022,0.28159136,0.059069753,0.07860647,0.14301395,0.03527268,0.05325703,0.22072281,0.27681613,0.021610636,0.024199154,-0.005982876,0.01584437,0.0021744072,0.121802986,0.31371978,0.32310697,0.06726841,0.05712607,0.16496243,0.156578,0.11097986,0.28375334,0.30706614,-0.013551548,0.11393335,0.1391874,-0.0077972095,0.013311438,0.28072435,0.14105809,0.12469867,3.0397482,-0.4783762,-1.5975893,3.0289826,0.45544478,-0.8661334,-0.47829208,-0.8419539,2.4223614,-0.4969458,-0.8715418,3.0223873,-0.6661308,-0.68338907,-0.9103637,-0.46984982,-0.9130033,-1.0483601,-0.48040965,-0.87546116,2.4384136,-0.4822178,-0.87508625,-0.69451386,-0.8471298,0.68015915,-0.67658997,-0.6846244,0.8303889,-1.1361362,1.6682242,0.85692304,-2.020562,-0.5871137,-0.52117246,0.9225797,0.6218779,-3.113287,-0.7766933,-1.0595542,-0.3736903,0.09714426,0.007084027,0.00058089395,0.052378885,0.05158727,0.054890692,0.02613195,0.03463091,0.07471351,0.02712375,0.72786885,-0.6670296,0.06043317,0.029988892,-0.64810884,-0.76725453,-0.2537353,0.038833983,-0.3727886,0.045169696,0.025017075,0.08375743,0.020826425,0.058774676,0.043837637,0.085544266,0.067626074,0.045020215,0.06720333,0.044840537,0.041905515
21,0.35386547,0.22251701,0.077117056,-0.0053829253,0.011950567,0.1403055,-0.018923305,0.12662603,0.01550016,-0.055724643,-0.0062783808,0.2842509,0.057013094,0.1406612,0.30040574,0.11946521,0.089173436,0.08802806,0.3715028,0.042714838,0.114451215,0.0070889145,0.16922565,-0.046952866,-0.092330515,0.14239849,0.047887914,0.050605424,0.10392673,0.082445875,0.06324341,0.08475023,0.0861782,-0.03625623,0.078707874,0.10566446,0.10081581,0.11901604,-0.019333236,0.08890793,0.11872089,0.1350728,0.08566485,0.054320708,0.24115732,0.054550868,0.09076892,0.122375816,0.15927163,0.058338873,0.06915911,0.19188084,0.1705917,-0.5960835,-0.577225,-0.02578549,-0.50409645,1.7414677,-0.55791825,-0.5923655,-1.1868668,1.5845985,-0.3118708,0.90151817,-0.6185794,-0.70888436,-0.7432247,-0.45485598,-0.4171828,0.955358,0.88720924,-0.58645654,-0.5410084,1.6537447,-0.43102795,0.89422035,-0.7513808,-1.180703,-1.5487546,1.8830144,-0.8580191,0.44160962,1.1900237,-1.1033556,1.8724166,-0.588603,1.0176086,0.4405356,0.7243261,-0.18592621,1.571841,1.184507,1.0046622,0.41821086,-0.012805626,0.06424164,-0.00023444262,0.060993887,0.011116363,-0.0023695752,-0.033516698,0.08646461,-0.018095963,0.03235016,-0.40606594,-0.11209051,0.041648295,0.04818227,-0.07215783,0.103885375,-0.6492394,0.0026307926,3.0553508,0.01939796,-0.005233504,0.008516654,-0.0015287772,0.10020989,-0.012847409,0.013621092,0.06658774,0.026521057,0.0069627464,0.040336072,0.12967902
22,-0.08355326,-0.6934356,0.38493434,0.04161548,0.019987345,0.012121566,0.010888126,0.035465248,0.077380694,0.009224221,0.034062207,0.13517928,0.027351946,0.10197513,0.22680965,0.097618006,0.0926998,0.10060777,0.3320306,0.053169683,0.07516576,-0.019732252,0.14528163,0.023377605,0.01705667,0.22478384,0.014669595,0.048503425,0.10515,0.12027106,0.09522337,0.053536177,-0.026184589,0.024594916,0.07527457,0.03016825,0.074569084,0.07933122,0.08452978,0.12580895,0.12596197,0.043469757,0.13443547,0.04222723,0.2619511,0.049416643,0.06460473,0.10353728,0.041757762,0.05078628,0.09992141,0.1365954,0.11810538,-0.7898885,-0.5489016,0.060996994,-0.78314257,0.21687862,-0.4355067,-0.58095145,-1.1424025,-1.0147333,-0.3990144,3.4154656,-0.78981256,-0.600552,-0.6601383,-0.514262,-0.3926037,3.4098554,0.88678855,-0.6081654,-0.5336631,-0.9566972,-0.3845747,3.3885775,-0.7125249,-1.1005206,1.6228247,-0.9647114,-0.8853538,-0.9396841,0.7106006,-1.5641307,0.9866533,0.3845114,0.23024994,0.08271247,0.44174796,-0.7655186,0.757565,0.58427036,0.40523323,-0.15604971,0.03977275,0.0607936,0.00027556572,0.11386386,0.036717035,0.01811888,0.0038305894,0.058545947,0.016888663,0.0404294,0.19053257,-0.3670742,0.044961266,0.02415447,-0.43991175,1.653603,0.37920225,0.010409396,0.04260678,0.028268568,0.005704088,0.05363088,-0.0028816797,0.11713465,0.044712305,0.0579573,0.08278601,0.05355101,0.072369754,0.07644425,0.09952526
23,-0.4830433,-1.0863204,0.07024962,0.019211583,0.019604668,0.024132349,0.11850977,0.087380864,0.08713655,0.05073224,0.051175795,0.25831112,0.06559849,0.10276511,0.250437,0.16770625,0.10894231,0.23751141,0.33898953,0.044283945,0.097273275,0.045610253,0.13707109,0.044685736,0.047051504,0.21907896,0.17556626,0.19934091,0.2804009,0.21842921,0.041487597,0.009735301,0.18457095,0.003363695,0.044206508,0.08599864,0.23669955,0.2241903,0.12921968,0.08635183,0.16041867,0.09852876,0.06972099,0.09715495,0.22825244,-0.028202184,0.052694574,0.05798105,-0.020342847,-0.004743159,0.19601563,0.10052215,0.12505119,1.0545961,1.1319072,-0.5036329,1.0627352,-0.5073973,-0.63919693,1.0878567,0.6748215,0.9415603,-0.56908315,-1.2113781,1.0634557,-0.65001714,-0.6874883,-0.7318282,-0.58346194,-1.22078,-1.203195,1.0466568,-0.7125996,1.0027224,-0.5953066,-1.2493409,-0.7060316,0.71506715,-0.4288005,1.9350562,-1.1029627,0.72199535,-1.1666194,1.8446854,-0.28710535,-1.26197,0.36216456,-0.41729188,1.1302787,-0.7576462,-0.08979285,0.8330672,-0.8648197,-0.221078,-0.008148432,-0.012505472,0.0001019834,0.040551923,-0.0007212311,0.012567036,-0.021397369,0.011756837,0.011654064,0.042334236,0.493325,-0.43356866,0.032492287,0.0110754855,-0.45033917,0.04869864,-0.30908182,0.02089493,-0.22010767,0.016498074,0.008347599,0.040810674,-0.02776371,0.06378476,0.0230968,-0.015466005,0.012316242,-0.0007509738,0.019043893,0.013104096,0.0571834
24,-0.5621034,0.16839927,0.35114923,-0.04376103,-0.006024614,0.0678999,0.12370716,0.16125348,0.37217712,0.28229737,0.14399771,0.23397467,0.12478629,0.0936162,0.18563771,0.19424814,0.055242054,0.2336515,0.3066639,0.003172826,0.16843817,0.13513981,0.15982133,0.29375747,0.28460437,0.22078332,0.0011626892,-0.014764547,0.12541352,0.15748157,0.09758712,0.0847765,0.16012777,0.09284996,-0.00792712,0.11795817,0.23259273,0.20713651,0.10263685,0.087098375,0.19712459,0.045478478,0.10503153,0.0732619,0.22367522,0.062305514,0.11332334,0.070601575,-0.006862849,-0.044704765,0.14184843,0.08151634,0.10631361,1.0947058,0.07564619,0.023308009,1.0681646,-1.0503948,-0.7121916,0.07049388,0.60404676,-0.756277,-0.6379931,-0.26785094,1.0658674,0.47091508,0.4848951,-0.70275074,-0.64660466,-0.26919913,-0.5858817,0.101085775,-0.70753634,-0.71377116,-0.5772039,-0.29804713,0.47557965,0.6264585,0.2234307,-0.4629195,0.18751009,0.049890473,-0.41446695,2.660653,-0.3568532,-1.6930573,1.5823792,0.43085003,1.2175331,-0.025927937,-0.050143022,1.0668011,0.8426309,-0.2487701,-0.0355251,-0.04068415,-0.00012629779,-0.0345193,-0.03148277,-0.0059900656,-0.015387503,-0.018117726,-0.006754458,0.033542477,4.5775776,-0.43868455,0.0119435415,0.0020136312,1.6407305,-0.48256123,-0.3280748,0.011736635,-0.45930186,-0.030950606,0.0024802554,-0.021605283,-0.021155506,-0.055627488,-0.015097782,-0.032431245,-0.047306046,-0.052915677,0.0012293905,-0.038351104,-0.013239473
25,0.9821233,-1.481469,-0.33443946,0.12634751,0.1274594,0.0014499724,0.07686695,0.095400594,0.5012859,0.074478835,0.50727683,0.14889379,0.051336493,0.11146128,0.059919383,0.08842084,0.09909568,0.16068278,0.23147267,0.021001913,0.45613742,-0.044644184,0.0817329,0.089349195,0.10095492,0.11175895,0.14916986,0.20290291,0.12553342,0.106561676,0.020541677,0.022895698,0.13345836,0.015030695,-0.03511341,0.14808801,0.11633632,0.1260959,0.0661439,0.06420167,0.14506236,0.04695626,0.11575065,0.1799198,0.14436507,-0.022219438,0.4943129,0.44436032,-0.0057678223,-0.031626552,0.12549232,0.07248308,0.04613746,3.4128942,-0.63459057,-0.39881068,3.3758693,0.59942055,-1.0664228,-0.6996368,-1.1712846,0.6311551,-0.5962905,-1.3255365,3.383925,-0.6196009,-0.66533124,-1.0986046,-0.4531601,-1.2844256,0.23405275,-0.6876191,-1.1531492,0.5923083,-0.5113992,-1.3678373,-0.6653747,-1.1327442,-1.5456284,-0.7097747,0.90935695,1.9241278,-1.3344997,0.6970581,-1.4588412,0.673818,-0.08904634,-0.621182,0.3654875,-0.87187153,-1.0488964,0.33723992,-0.90919197,-0.4100777,0.02634304,-0.018447578,0.0006120055,0.011455417,0.011044972,0.047479723,0.012302432,-0.018210009,0.057306428,0.011459246,0.8408162,-0.5198988,0.03611856,0.03327128,-0.50835407,-0.4116819,1.0111643,0.024652638,-0.3844956,-0.01021488,0.02652733,0.032435656,0.007453572,-0.0024623051,0.002181217,-0.006182775,0.01302208,-0.030514568,-0.0035946667,0.0103295,-0.03341639
26,0.3003039,0.33583462,-0.54931486,-0.005617097,0.02462171,0.054630235,0.12647305,0.11846365,0.061997026,-0.007846005,0.06207101,0.18438683,0.128437,0.04067797,0.1472399,0.17971754,0.084181175,0.24838386,0.28449467,0.08789919,0.053983048,0.18472582,0.08812255,0.025280006,0.02100204,0.22094801,-0.031504087,-0.021488935,0.095229715,0.1742413,-0.0048613325,-0.027236417,0.017885447,-0.028927708,-0.016115949,0.03706327,0.30017605,0.24951097,0.12569554,0.10404934,0.18434897,0.06798157,0.12928477,-0.023521582,0.16044801,-0.03132938,0.031822048,0.0034782887,-0.0389302,-0.054385975,0.12463737,0.05191546,0.076609366,-0.7029518,-0.49508125,0.3070848,-0.6964341,-1.7653416,-0.6094267,-0.50582683,1.7517225,-1.2150133,-0.49135298,0.30502862,-0.77020645,2.592451,2.5671227,-0.6048709,-0.5735877,0.2821089,-1.0369385,-0.449114,-0.65428853,-1.1725432,-0.47479403,0.2739099,2.5456393,1.7695764,1.6517416,-0.78106076,2.154155,-1.826845,-1.2144219,1.0124228,-1.4759501,0.4096592,-0.19448593,-0.5071518,0.914407,2.2474208,1.6391778,-0.9523307,-0.42641902,-0.45682615,-0.038298175,-0.006782025,0.00026241096,-0.032439187,-0.027949706,0.0010465384,0.016582564,-0.037979618,-0.015117988,0.026219584,-0.09787291,0.38681787,-0.025773756,-0.0061003007,0.5264358,-0.43575433,-0.431962,0.0017971918,-0.47970352,-0.026521131,-0.00023045205,-0.037239626,-0.017533481,-0.073453344,0.02708155,-0.023957506,-0.050879642,-0.031441912,0.041178465,-0.019250423,-0.06608428
27,1.3660998,1.0489116,-0.91871953,0.035388462,0.040701613,0.0958994,-0.020993337,0.0942323,0.19923043,-0.043321066,0.25304848,0.16690835,0.10096778,0.08536166,0.30233946,0.16776192,0.10766542,0.0039340854,0.17378867,0.08095312,0.29105195,0.012692533,0.057385467,-0.02426248,-0.03870959,0.034519266,0.01849899,0.042676628,0.12651356,0.13624427,0.025642557,0.058973473,-0.024137914,0.010402245,0.052645057,0.13632753,0.0073323473,0.0032997578,-0.060423043,0.027027333,0.11319688,0.05709807,0.05164738,0.2931658,0.19104004,0.027882885,0.4523498,0.30917662,0.07063235,0.02631604,0.112092905,0.076691255,0.039169714,-0.4636761,-0.49068737,0.17884801,-0.47068542,2.2468123,-0.6153947,-0.5263709,-1.2536315,1.9140264,-0.33747888,0.15484749,-0.4752812,-0.45145118,-0.5367568,-0.5475288,-0.31724223,0.05910127,1.2044028,-0.51618433,-0.6005258,1.9525968,-0.32938552,0.030371234,-0.52205265,-1.1991502,-0.6351551,0.56023,-0.5721518,-0.3084386,1.7835743,-0.9700731,0.7080316,0.29059198,0.071473345,-0.343082,0.3469734,0.094959185,0.87799144,0.6658837,-0.43305647,-0.08747657,0.029502213,0.07026417,-6.639e-05,0.09022961,0.039427653,0.02316333,-0.040583886,0.08141664,0.010475602,0.0074315667,-0.49733186,-0.3358792,0.060580038,0.09708033,-0.51489115,0.50413585,-0.50685424,0.020658694,0.44411415,0.020402707,0.0034609782,0.031891212,0.0330528,0.040246896,0.043061152,0.044348836,0.11179992,0.068882674,0.04344508,0.06477375,0.06459843
28,-0.08111531,-1.9170069,-0.64199376,0.20115793,0.15754995,0.071822956,0.0917861,0.09719371,0.41968715,0.100131996,0.4672496,0.12340585,0.07142708,0.11143513,0.11007483,0.06261534,0.08072266,0.08174619,0.12191051,0.082740605,0.4431336,0.10704034,0.094061136,0.118365824,0.09484505,0.08267364,0.11144584,0.14581996,0.14848478,0.0533277,0.21014504,0.111969575,0.11913051,0.11248768,0.116421565,0.074554905,0.07448623,0.049622744,0.11487158,0.0639018,0.077482104,0.07223207,0.05999226,0.435816,0.053662375,0.11269003,0.47285885,0.46999726,0.05653193,0.11890031,0.034625772,0.10064452,0.13319142,-0.52196324,5.0271273,-1.5970048,-0.5382742,-1.3803388,-0.6058958,5.040126,-0.78272694,-0.8887499,-0.3286751,-0.95562834,-0.49526557,-0.43168175,-0.44656655,-0.6267764,-0.37785417,-0.99575007,-0.97279024,5.0497155,-0.6091185,-0.88287634,-0.35070014,-0.94809294,-0.43585157,-0.85593796,-1.3431894,-0.79914474,-0.6454149,3.11033,-1.1957177,-0.9316443,-1.3827087,2.3157096,-0.5132342,-0.202763,-1.0750585,0.329521,0.14144725,-0.94356364,-0.5232252,-0.086698815,0.19702545,0.10039444,0.00050618144,0.093417466,0.13221882,0.156436,0.10755077,0.14098206,0.09519267,0.12372358,-0.3848012,-0.19934945,0.13732854,0.06119872,-0.17233634,-0.13889988,-0.20290783,0.13272727,-0.48386762,0.14327526,0.023396757,0.14884695,0.07872995,0.21829218,0.15161638,0.22121258,0.09083885,0.13057174,0.20700094,0.149034,0.13093969
29,1.7804605,-0.06414117,-0.7742052,-0.028459862,-0.024897367,0.0921862,0.064232364,0.24927375,0.17740649,0.05946717,0.094914556,0.19665472,0.09493855,0.16279028,0.24078792,0.22047639,0.0858403,0.25804675,0.40480605,0.076423556,0.121113464,0.056994557,0.11921141,0.08193436,0.0660284,0.24331805,0.18457556,0.20376673,0.119238585,0.16550036,-0.08261651,-0.027718902,0.10713445,-0.024546329,-0.035456613,0.14226702,0.25444496,0.24871692,0.080328204,0.10202609,0.30871326,0.12897824,0.1320211,0.051673815,0.3372261,0.0031272732,0.12074114,0.059755884,0.03764028,-0.05317858,0.1501708,0.120419055,0.05968593,-0.5212283,-0.5463871,1.4236463,-0.5283652,-0.40540618,-0.8503148,-0.5898968,2.4452155,-0.4644665,2.3386402,-1.3371763,-0.541386,-0.48611116,-0.59705114,-0.75382394,2.3489451,-1.3493466,-0.1065281,-0.5000231,-0.81916475,-0.306603,2.378677,-1.3731484,-0.5762153,2.3911812,-0.16514514,-0.7167673,-0.44239855,0.19183019,0.8526626,-1.2801404,-1.6939902,2.4293747,-0.0887054,-0.35302687,0.01782281,-0.3089848,0.3949997,0.3112868,0.038562357,-0.33636785,-0.051731944,-0.02843526,0.00047598692,-0.032753646,-0.0278728,-0.014510252,-0.016465528,-0.03316313,-0.031487435,-0.016570255,-0.070592955,1.6733911,-0.030387841,0.028299041,-0.4947388,-0.95822716,0.35795242,-0.0071094334,-0.26322955,-0.056425363,-0.0039692726,-0.07183656,0.01560178,-0.09498636,-0.014051899,-0.03762898,-0.029198214,-0.029292211,-0.016311005,-0.021559432,-0.05783096
30,-0.8605296,0.23537436,-0.51933825,0.18480814,0.1438153,0.19947343,0.13715363,0.17837657,0.18986261,0.14284042,0.13053305,0.19930628,0.20621052,0.19492492,0.33140844,0.28069323,0.082677506,0.13173221,0.3940039,0.09644505,0.15181339,0.10934433,0.21437456,0.13678798,0.14429663,0.28985742,0.15294114,0.2011593,0.2870695,0.33400968,0.3576568,0.2830573,0.22937064,0.2215411,0.071357325,0.100427255,0.14730439,0.15320864,0.16682617,0.23507084,0.20812073,0.14832437,0.2570672,0.28326982,0.27435145,0.23872596,0.12147895,0.19277006,0.1122538,0.07310086,0.29649052,0.28195906,0.19165108,-0.70041835,-0.34196758,3.1303468,-0.6955172,3.1989837,-0.5814939,-0.3362181,-0.90129143,-0.9827456,-0.47130257,-1.1238893,-0.696069,-0.55062217,-0.5915393,-0.6144651,-0.45415485,-1.1102494,4.2626257,-0.36449894,-0.60601896,-0.9892094,-0.45783514,-1.1362057,-0.5763563,-0.9071535,-1.4321128,-0.8475754,-0.8276837,3.0752223,-1.3122388,-1.2035582,-1.6481403,2.401316,-0.56316453,-0.36089647,-1.1306247,-3.1010172,-0.07333258,-0.8482531,-0.725013,-0.214734,0.18870947,0.1435503,0.0006097013,0.07727465,0.1689587,0.1640938,0.091393664,0.19087467,0.09838855,0.10663138,-0.17014779,-0.28358212,0.13885729,0.13964221,-0.30947587,-0.35618553,1.6115612,0.13659887,-0.32160673,0.071326576,0.026861709,0.07825716,0.13369666,0.049090967,0.16285554,0.21005988,0.14148054,0.17095946,0.19379863,0.16578834,0.075354666
31,-1.9588777,-0.16095324,-0.3320368,0.037171625,0.015470505,0.0024161562,0.034870528,-0.016176406,0.051296316,0.008476883,0.01897087,0.04045891,-0.013596412,0.08102065,0.08986019,0.047284126,0.11979891,0.090672106,0.10134676,-0.0051215664,0.040347844,0.015446961,0.043394633,0.006105207,0.002873037,0.08555497,0.034817144,0.03532359,0.07037608,0.0029651895,0.64876115,0.42360818,0.31185395,0.3645281,0.081051126,0.077928826,0.07296649,0.10620493,-0.008059581,0.035651222,0.0038219895,0.0876297,0.00841251,0.06329622,0.050269157,0.47282082,0.020105518,0.04393307,0.06398902,0.00283733,-0.019304615,0.045090348,0.05033466,-0.03405218,0.073592335,-0.1039992,-0.03238231,-0.13817362,0.37193513,0.1292234,-0.015790373,-0.057717554,0.07831004,0.20361553,-0.023273379,-0.22680748,-0.26778856,0.37355882,0.119676575,0.21359174,-0.12859266,0.09007406,0.40807563,-0.034375004,0.12545925,0.20713484,-0.25876254,0.0518668,-0.021815546,0.09223532,-0.1980433,-0.1152391,0.35712278,-0.13420893,0.42821416,-0.119274974,-0.9639469,-0.23891695,-1.3714881,0.21502651,-0.08712271,-1.1200227,-0.55208063,-0.22637163,0.07320607,0.03555858,0.000484579,0.062955536,0.032360062,0.03212833,0.024639891,0.07049373,0.061648548,0.0567213,-0.32135558,-0.3570199,0.03295406,0.05439548,-0.21003804,-0.38551977,-0.36320406,0.02526275,-0.27620015,0.0150182545,0.018898036,0.018671468,0.00021636486,0.0635564,0.041786686,0.052894607,0.049825244,0.030600786,0.06051795,0.033131868,0.118468784
32,0.48588267,-1.3219515,-0.8379859,0.019005902,0.011521265,-0.012184598,-0.008482948,0.0032683834,0.29864275,0.009436835,0.3461073,0.0012763503,0.00042228773,0.016249534,0.024076782,-0.01630849,0.12243515,0.016823605,0.04566531,0.0052041486,0.36136192,0.008980341,0.014705032,0.023301631,0.020893507,0.013548341,0.011595879,0.013488293,0.05735858,-0.015896652,0.06047697,0.026595227,0.010876432,0.04450889,0.014688358,0.31864202,-0.010722455,-0.005946897,0.011912109,0.0020093434,0.010425143,0.016492685,0.017738018,0.29933476,0.026136026,0.034896802,0.68870485,0.38064927,-0.0068127085,0.028083526,0.0037455843,0.024765372,0.029661175,-0.012689456,0.11022943,-0.13817355,-0.008725047,-0.08914435,0.36710212,0.09309654,0.059166282,0.20108235,0.016904831,0.24263279,-0.0053194165,-0.24018894,-0.23214148,0.32942745,-0.037692666,0.2689855,-0.1819355,0.101186335,0.33993876,0.18864816,-0.041184172,0.25943077,-0.24147195,0.03664407,-0.0146608725,-0.022006486,-0.2187004,0.03071563,0.31013167,-0.13854447,0.16225639,-0.03372127,-0.876778,-0.3512503,-1.3681488,0.5082202,0.005656058,-1.0533342,-0.9007116,-0.2694943,0.033942364,0.026297227,0.00051144103,0.061771676,0.023523934,0.022848364,0.021765737,0.019306377,0.036033463,0.014839634,-0.068965256,-0.60554653,0.030053303,0.037922315,-0.3565469,-0.3365442,-0.29492506,0.020116966,-0.4149324,0.037016533,0.014206023,0.047376856,0.011375114,0.037975922,0.022873014,0.027392626,0.03386245,0.030229837,0.026462883,0.03565768,0.046063803
33,-0.92129767,0.055779316,-0.7960447,0.017286919,0.01659815,0.049986944,-0.017851062,0.22886191,-0.023133427,-0.032887407,-0.015274443,0.06428877,0.06699037,-0.0073617306,0.15164743,0.051674612,0.121362135,0.16583447,0.5096561,0.10663379,0.0031487942,-0.005567342,0.16098008,-0.02765613,-0.03042306,0.16657591,0.0072105266,0.020731233,0.12350796,0.055366393,0.11775087,0.102418065,-0.008478895,0.07834937,0.072741255,-0.023731768,0.13596457,0.14049298,0.087327875,0.124416426,0.250681,0.1563429,0.27980128,0.063044734,0.36789304,0.08359334,-0.0073694885,0.022799596,0.048182536,0.020334661,0.05063928,0.05640757,0.045755755,0.17474705,0.119124606,-0.08347265,0.18062082,-0.081027724,0.29280514,0.09106204,-0.031986922,0.03315812,0.10253991,0.12973697,0.18201858,-0.18589513,-0.16934586,0.28720874,0.10271885,0.17552672,-0.04902018,0.11967295,0.25656778,0.044190273,0.106160074,0.14001817,-0.16373718,-0.09694877,0.039135315,0.05810236,-0.07121222,-0.101562575,0.4226127,-0.023247495,0.3340047,-0.23772123,-1.0391818,-0.36541384,-1.1564443,0.5416389,-0.083478145,-1.3229871,-0.7898664,-0.21448581,0.046978585,0.03447412,0.00040641794,0.09503263,0.02754771,0.014963858,-0.015368821,0.053315938,0.04256483,0.043863207,-0.49628347,-0.46654025,0.04558062,0.04139611,-0.49970278,-0.37741962,-0.34098247,0.021448575,-0.23957554,0.008006692,0.014401792,0.034728423,-0.009349234,0.07324166,0.037991166,0.040735602,0.078067854,0.041522317,0.04040131,0.055080377,0.08684694
34,-0.5564241,-0.27547282,0.06659827,0.026126236,0.0130063,0.021102265,0.092013985,0.090092525,0.05257806,-0.006419614,0.07435846,0.16141553,0.056960694,0.13359076,0.2517727,0.15258637,0.10429292,0.18755068,0.36515757,0.07868804,0.10937129,0.050235547,0.1344652,-0.010059044,0.0026864596,0.304081,0.014206359,0.03594116,0.078044206,0.04363011,0.1745233,0.08984165,-0.007656306,0.106001146,0.023508921,0.07349469,0.20324922,0.20134884,0.1447004,0.15849665,0.19979973,0.08824294,0.16732723,0.037867196,0.28224936,0.12449102,0.0793999,0.13341352,0.006926311,0.022037894,0.036852818,0.15705584,0.15356174,-0.7218834,-0.38833916,1.5207798,-0.65806407,-0.14701746,-0.82036424,-0.43906668,1.3358883,-1.0258979,-0.6808471,1.298362,-0.66988325,-0.40227425,-0.44881588,-0.91824096,-0.8050806,1.3443768,0.7176987,-0.4590455,-0.8351839,-0.9171655,-0.74717027,1.3234427,-0.39615077,1.2229204,1.9857061,-0.88739747,-0.77741593,-1.5469981,1.3121831,1.1052252,0.21696311,-0.95174706,-0.19693336,-0.51936847,0.5921147,0.40363273,-2.9696658,0.68080276,-0.5059499,-0.39110285,0.0068409517,0.03387165,0.00027978467,0.064442545,0.023768708,0.019053616,0.008859817,0.0465191,0.008005459,0.028197959,0.89207834,-0.3964642,0.049141712,0.04691502,-0.12772647,0.6610924,-0.18240023,0.026209597,-0.9255107,0.014817581,0.0054079182,0.03203672,0.027024172,0.055121727,0.04961817,0.026618615,0.048370406,0.053581,0.055657372,0.05943151,0.04904885
35,1.368763,-1.1272066,-0.9375454,0.0184943,0.014931485,-0.024476424,-0.00869301,-0.03185309,-0.017916333,-0.039222516,-0.008541029,-0.024361402,-0.009540342,-0.006634526,0.033094846,-0.0053118486,0.121305846,-0.0060570836,0.3624213,-0.023114208,0.40949002,0.45403725,-0.0074670427,-0.0039693043,-0.014539406,0.0065991916,0.010998897,0.009837054,0.024214797,-0.01583222,0.037773132,0.024972413,0.38403094,0.028806588,0.032534204,-0.016958915,-0.013007861,-0.021694481,-0.021830399,-0.023471009,-0.026843505,0.019419143,0.37475732,0.41283572,-0.0068237484,0.009498727,-0.0029088818,0.019178487,0.013083452,0.012338489,-0.035626277,0.017489806,0.013155766,0.09007458,0.08383256,-0.11484508,0.08596882,-0.16668998,0.2656961,0.06684929,-0.049803495,-0.16404247,0.13935117,0.2158473,0.091339126,-0.15043981,-0.17123522,0.27645132,0.12806772,0.21150492,-0.03786558,0.09168604,0.2619831,-0.14849785,0.13424109,0.2043289,-0.17393848,-0.04653369,-0.07405527,0.17154932,-0.018739104,-0.1356353,0.35303766,0.050120324,0.28071222,-0.18894681,-1.1060678,-0.3299452,-1.3811433,0.43303773,0.01492106,-1.2273209,-0.6451093,-0.22757865,0.04769262,0.032796398,0.00059898954,0.06390816,0.016400047,0.012049235,-0.005229762,0.02241394,0.04269817,0.017351508,-0.28518993,-0.44468167,0.024318933,0.045171008,-0.40317282,-0.51226777,-0.4382199,0.017889857,-0.34231257,0.016308457,0.016502334,0.017432868,-0.002749458,-0.0017509907,0.022308901,0.0359582,0.03469111,0.025559127,0.031505078,0.032237418,0.03805104
36,-1.178937,0.13579199,1.7203437,-0.0033385456,0.014905676,-0.13542128,-0.019560441,0.01506995,-0.12306924,-0.13379319,-0.09549014,0.05426255,-0.12896581,-0.01946311,0.09164755,-0.08444118,0.09714115,0.06402472,0.35234734,-0.069021955,-0.05656354,-0.066381305,0.047799397,-0.08594852,-0.12970693,0.05952183,-0.01023243,-0.0060569122,-0.026635703,-0.16954646,0.32681745,0.14704272,0.025210992,0.12404264,0.12861633,-0.0107216835,0.02525989,0.014460266,-0.02519273,-0.029371697,0.11048879,0.013415075,0.043468036,-0.004858901,0.12766695,0.14359993,-0.07131577,0.0007402599,0.014041625,0.015229374,-0.21104565,-0.00087313354,0.05260157,-0.5845068,1.0535609,-1.1339192,-0.6073167,-1.2744483,-0.68478924,1.0918152,-0.3951766,-0.6442269,0.85776925,2.019581,-0.5911974,-0.55443525,-0.55770546,-0.64333874,0.808494,1.9543576,-0.9793383,1.0813967,-0.64133435,-0.68147177,0.81638396,1.9256747,-0.59163886,-0.34800097,0.12528306,1.9709669,-0.5815712,-0.72179633,0.40043196,0.49611577,-1.0926377,0.70896614,0.5017761,1.1522485,0.818747,-2.0536723,0.60998744,0.9162928,0.9675058,0.1414313,0.017497316,0.0040593296,0.00015715047,0.13658187,-0.024554998,-0.057029165,-0.06790247,0.03641288,0.018236607,0.040564127,-0.4237967,-0.3607997,0.022828974,-0.03281709,-0.5391097,4.427806,-0.6019589,-0.03606826,-0.31346807,0.018048376,0.0053886212,0.053933226,-0.12919042,0.18387838,0.0072388947,0.0026092678,0.05326426,0.0039542913,0.020391062,0.045115173,0.18496603
37,0.58646804,1.2935244,-0.7914965,0.027007043,0.04296656,-0.057894994,-0.033614635,0.5845426,-0.086781174,-0.063055396,-0.06370984,-0.018038657,-0.048658844,-0.03633989,0.04259044,-0.062106997,0.12245998,-0.05394294,0.33160475,-0.066642,-0.050782897,0.012747817,-0.050256863,-0.049104966,-0.072116256,-0.043715216,0.008053796,0.024970882,0.012034286,-0.051085036,0.11759712,0.07230115,-0.021691099,0.03267365,0.08067499,-0.062024795,-0.05822031,-0.072929,-0.07093501,-0.045627754,0.5921195,-0.0010804934,-0.068649895,-0.008606658,-0.07743524,0.031417947,-0.045977063,0.012507051,0.06227237,0.0369495,-0.08742717,0.0013597757,0.0053990185,0.017806634,0.12586974,-0.1448451,0.013134137,-0.11001668,0.3682776,0.07807991,-0.058363035,0.04446728,0.1655136,0.23828675,0.005748749,-0.16927068,-0.19582243,0.39671603,0.1276793,0.24014218,-0.09154507,0.11892009,0.38336012,0.08040109,0.14659885,0.21794349,-0.18462029,-0.055761546,-0.05699922,0.13370526,-0.09507419,0.0014296323,0.33371216,-0.062458772,0.23229444,-0.008423403,-0.9678636,-0.22476952,-1.4714414,0.4039428,0.06719156,-1.1923943,-0.6517004,-0.11761294,0.05121281,0.058695696,0.00045934698,0.10790014,0.028661735,0.009172007,-0.03367351,0.05614403,0.050306346,0.04955163,-0.072215185,-0.3745999,0.0636947,0.054305643,-0.33185175,-0.34025398,-0.35013357,0.023666546,-0.39460817,0.01788032,0.016305443,0.02903369,-0.014969602,0.08457281,0.045114115,0.025836498,0.08391551,0.037461787,0.04014699,0.07116815,0.08538002
38,-0.11459566,-2.5174482,-0.7982967,0.0063631386,-0.0046471357,0.0019327328,0.0025585443,0.16393927,0.02102019,0.0069715977,0.013904361,0.1515434,0.004898172,0.19324152,0.18656117,0.18637982,0.12077317,0.18231352,0.3362235,-0.0033314005,0.026798464,0.006571643,0.18340366,0.011500761,0.004309371,0.34347808,0.0038013067,-0.0064998716,0.05065131,-0.014383938,0.42133752,0.015003953,-0.008486405,0.008436475,0.013758026,0.17787619,0.17041948,0.1801961,0.17600639,0.18922815,0.15282394,0.2106908,0.014886808,0.014650468,0.19373938,0.23973295,0.024452474,0.03680598,0.01608188,-0.0016917735,-0.011892132,0.19827753,0.17429341,0.15565825,0.01801318,-0.07304172,0.167858,-0.1568768,0.30321288,0.023968965,0.021190554,-0.29805222,0.016922444,0.30446333,0.16454291,-0.24187098,-0.21532506,0.3460488,0.022905588,0.34609258,-0.018817373,0.045895576,0.3286736,-0.28091982,-0.009029433,0.3017381,-0.2054143,-0.046304822,0.045241393,-0.00461236,-0.031514063,-0.17836936,0.27988875,-0.13293019,0.2876146,-0.20063281,-1.058057,-0.41413742,-1.1612966,0.65363115,-0.17305878,-1.0025417,-0.6813931,-0.28925532,0.0392946,0.012323707,0.00065560953,0.0317768,0.014438279,0.010129936,0.0060814917,0.0380058,0.041328914,0.01487045,-0.60667914,-0.47750816,0.012910649,0.034700535,-0.48824808,-0.46883187,-0.30511108,0.015222512,-0.19403493,0.00457035,0.017195087,0.0068576634,0.0076148175,-0.0010927543,0.017273694,0.030647203,0.018234834,0.02711521,0.031141773,0.014750898,0.039046913
39,0.42140886,-1.908911,-0.36606255,0.023754507,0.012889981,0.040617287,0.07863283,0.032071687,0.0051810443,-0.027217478,0.009539112,0.2994716,0.06985237,0.21018408,0.28025305,0.1777175,0.10378299,0.23283677,0.28020877,0.07232176,0.04952202,0.055977523,0.12343778,0.023318693,0.004186839,0.29403627,-0.024203774,-0.009679452,0.14356855,0.061386306,0.0032190457,0.0026043355,-0.0180839,0.016391816,0.012466058,-0.0036275387,0.21504551,0.21969113,0.11998774,0.11042264,0.106551155,0.08249052,0.16259643,-0.020318467,0.20762503,0.0039721504,0.0147875175,0.038141288,-0.024306828,0.009337895,0.057842903,0.22733429,0.20822173,-0.8079114,-0.49387103,1.6078056,-0.83434916,-0.31349757,-0.61357695,-0.46629366,1.7004237,-1.1962991,-0.51179653,1.2711179,-0.81873095,-0.62081623,-0.6427193,-0.5528894,-0.52345616,1.2520746,0.56150645,-0.48099288,-0.61603177,-1.2193465,-0.49693173,1.1387703,-0.6026715,1.7400092,2.2478964,-0.84558856,-0.92117834,-1.736181,1.1175727,-1.1649303,0.07850554,0.93296874,-0.2994703,-0.25202847,0.4806874,-1.0118741,0.017118085,0.016976938,-0.5640162,-0.22546943,0.018259078,0.047420755,0.0007073117,0.06433559,0.029631793,0.01868619,0.024942245,0.022941127,0.009652283,0.018961444,-0.42523855,0.6067972,0.0136880055,0.040403742,-0.4678928,0.26488128,-0.3149151,0.021390017,-0.5358255,0.037857734,0.007054449,0.024834216,0.014992829,0.011073932,0.035629928,0.025819033,0.014450446,0.02917257,0.04731524,0.04329451,0.031436235
40,-0.5141244,0.058416642,-0.5865641,0.032888025,0.032488823,-0.031042274,0.1534963,-0.031796705,0.06454638,0.05331533,0.006000746,-0.00978017,-0.024027582,0.0031018406,0.04007213,-0.0061055943,0.12215836,0.13058574,0.008431971,-0.033547178,0.0034387186,0.0076304153,9.440456e-05,0.06225664,0.051557682,0.0069614723,0.029356528,0.030660696,0.033317026,-0.016359035,0.6450198,0.40979794,0.2580974,0.3790544,0.071601234,-0.013085321,0.12485596,0.12099703,-0.041343126,-0.013611853,0.09151334,0.032528467,-0.009052943,0.029401481,-0.0096181035,0.37460008,0.0089883935,0.03797026,0.047213487,0.013474889,-0.030385839,0.007668853,0.012338422,0.111326836,0.11679706,-0.15030748,0.119390145,-0.19365183,0.33547255,0.07631135,-0.03192252,0.036578003,0.024660856,0.21652634,0.119972676,-0.1295629,-0.14997149,0.32688195,0.026396051,0.2194858,-0.109386176,0.09955727,0.2838015,0.048420094,0.030202582,0.1619851,-0.13080153,-0.080590025,0.059701197,0.031633362,-0.07004069,-0.07365091,0.19423425,-0.08072039,0.2705304,-0.16584858,-0.9841929,-0.43011957,-1.4238119,0.49725497,-0.04070179,-1.2416668,-0.6920753,-0.23979114,0.046272524,0.036908627,0.0004919018,0.08589976,0.016468003,0.021012738,-0.007848276,0.05463156,0.049574185,0.05416614,-0.3209381,-0.2803589,0.046207394,0.055493582,-0.5099503,-0.36910945,-0.2887916,0.027688656,-0.37739417,0.012196153,0.017202774,0.0237163,-0.01140425,0.048464563,0.04041387,0.031337023,0.05784794,0.031379938,0.046854332,0.04076638,0.086271845
41,1.4745365,0.42688254,-0.7504648,0.03127095,0.032662436,0.27650028,-0.023562238,0.010283554,-0.049642764,-0.03232818,-0.037577827,0.2657443,0.29876634,-0.020953674,0.31209242,0.2549779,0.12180342,-0.013453633,0.2746799,-0.038465448,-0.04610969,0.0015734285,-0.034213796,-0.008886322,-0.021484777,0.46562123,0.0040026475,0.01365409,0.009330459,-0.03269172,0.08423722,0.036825396,-0.056851022,0.024274671,0.052680902,-0.043958537,-0.019697998,-0.04029511,0.17517337,0.1826268,0.030119121,0.010338565,0.057114482,0.0038245805,-0.030272134,0.025460657,-0.038465425,-0.00082337856,0.029730551,0.013871528,-0.06283709,0.30087966,0.30458444,0.082628086,0.08576836,-0.15222296,0.061135948,-0.080132216,0.28258586,0.05271077,-0.07502567,0.09693303,0.17516467,0.1322747,0.07058282,-0.121572986,-0.1510151,0.29948384,0.17278555,0.10630335,-0.07909089,0.087751634,0.24250752,0.080117434,0.18821205,0.08181302,-0.15327716,-0.061240137,-0.0742892,0.16502187,-0.024302319,-0.12894566,0.35798064,-0.0082873665,0.33374158,-0.19689164,-1.0109686,-0.31740403,-1.4064487,0.29903924,0.051860407,-1.314479,-0.70605254,-0.22141384,0.028104812,0.039209023,0.00038180518,0.07576269,0.022882812,0.011677794,-0.013411799,0.041515842,0.022509534,0.032413706,-0.2176681,-0.3726499,0.04672139,0.045506738,-0.39245543,-0.43990895,-0.43051016,0.025402296,-0.3828936,0.011160299,0.009169342,0.03307949,-0.0010790862,0.045369357,0.03855121,0.02709879,0.063997224,0.037747353,0.044442013,0.054655664,0.041654237
42,-1.1551135,0.40848085,-0.7801832,0.042970426,0.04244837,-0.03602428,-0.021096744,0.22707148,-0.032891005,-0.036751762,-0.022178184,-0.023187347,-0.04028331,-0.005708063,0.04063025,-0.041217886,0.121140346,-0.0257243,0.588696,-0.037366398,0.0050220415,0.012188308,0.2830176,-0.028266706,-0.049188063,-0.023171514,0.019818477,0.037701473,0.048219766,-0.04187906,0.07935668,0.0706024,-0.018507585,0.025099425,0.096069284,-0.04163185,-0.046277888,-0.043947466,-0.053165827,-0.009198718,0.24638847,0.020679586,0.5545177,0.01850025,0.26583076,0.03319486,-0.0050741024,0.044227324,0.07193626,0.04920876,-0.063692905,0.006798625,0.012686625,0.060926527,0.103922635,-0.063280076,0.0684322,-0.07201482,0.3974455,0.07997593,-0.05871208,-0.0045583323,0.16219988,0.2634406,0.066435024,-0.18775456,-0.24376453,0.3859769,0.14866117,0.25487232,-0.026758924,0.101569265,0.3777298,0.017234683,0.15549338,0.22196034,-0.23178685,-0.05253102,-0.034351565,0.12077693,-0.13107066,-0.09944554,0.3826828,-0.15514277,0.40885642,-0.12786418,-0.929208,-0.19359176,-1.395307,0.3919279,-0.003016605,-1.2540798,-0.622648,-0.117752746,0.08097044,0.058476746,0.00043216246,0.103588715,0.049813837,0.02623304,-0.0028960966,0.079725996,0.058946837,0.06289993,-0.3063221,-0.26994765,0.06567183,0.056132533,-0.34409824,-0.39387295,-0.40455803,0.031758163,-0.21351838,0.025653675,0.017538505,0.043015502,-0.0035912022,0.10829118,0.057256088,0.06438213,0.09005562,0.055919997,0.0611047,0.07027975,0.12668407
43,1.8635995,-0.05059888,-1.1119664,0.0127158165,0.017061919,-0.025557898,-0.016993858,0.09816408,0.096284375,0.107675135,-0.019301306,-0.009309053,-0.009232484,-0.01571792,0.16156451,0.117552675,0.121243,0.109572366,0.51090467,-0.0351194,-0.014216974,0.004227929,0.10418377,0.13891298,0.11740343,0.24895531,-0.0045181923,0.0074913204,0.015462618,-0.018484991,0.022356316,0.024973627,-0.018839046,0.0063952263,0.03208273,-0.026989162,0.110177614,0.10249214,0.24550062,0.25412744,0.097977825,0.14242876,0.3607001,0.012562748,0.23209468,-0.0012790784,-0.012935016,0.01817999,0.01798356,0.01043953,-0.041108232,0.013582334,0.005945012,0.0011010617,0.083895504,-0.11513479,-0.025984317,-0.13121323,0.46520126,0.053147107,-0.031374186,-0.055274956,0.069089055,0.17916147,0.0024485886,-0.17695102,-0.20742315,0.4769362,0.049885973,0.16360883,-0.06473233,0.07039401,0.48630098,-0.06999423,0.039120033,0.15208292,-0.21395609,-0.011368349,-0.14034343,0.053352237,-0.065722,0.010138899,0.21784344,-0.030025357,0.1334703,-0.019687355,-0.96296674,-0.3967564,-1.3613547,0.2731316,-0.13893078,-0.95010847,-0.74164593,-0.27306837,0.017935865,0.029225558,0.00046711764,0.053594433,0.011741899,0.0067091435,-0.02484232,0.022154823,0.026768472,0.011344194,-0.1712978,-0.57741314,0.026452534,0.04377768,-0.4229724,-0.5488541,-0.41852388,0.0070424005,-0.3679036,0.016133025,0.011411039,0.008828789,-0.003625635,0.023750402,0.017607316,0.0048157424,0.033817634,0.017696291,0.023917079,0.029896379,0.03147617
